{
  "title": "Spring MVC",
  "cells": [
    {
      "type": "markdown",
      "data": "[配置文件：applicationContext.xml  spring-servlet.xml]( http://stackoverflow.com/questions/3652090/difference-between-applicationcontext-xml-and-spring-servlet-xml-in-spring-frame)\n\n\n\n"
    },
    {
      "type": "markdown",
      "data": "idea新建spring工程（也是web工程）：\n* 会添加一堆lib。。\n* web.xml添加了\n\n处理静态资源\nhttp://www.cnblogs.com/fangqi/archive/2012/10/28/2743108.html\n\njsp文件简单处理mvc:view-controller：因为不建议吧jsp文件放到web-inf文件夹之外，所有所有jsp必须经过controller，但是没有必要都建立一个，所以使用这个快捷方式快速映射过去。相当于一个简单的controller。http://www.cnblogs.com/yangguo/p/4580760.html\n"
    },
    {
      "type": "markdown",
      "data": "基础理解\nDispatchServlet分析：\n* 设计思想\n* 常用的类\n  * HandlerMapping\n  * HandlerAdapter"
    },
    {
      "type": "markdown",
      "data": "设计模式\n\nWebContentGenerator以及父类：提供工具方法，http头部处理，如\n  * 添加支持的method\n  * checkRequest\n    * support method\n    * sessionReqired\n  * 设置cache的各种方法\n  * 设置sessionReqired -- 防止getsession空指针\n  * vary\n  * \n\nController接口的实现\nAbstractController--**handleRequest入口**\n* HttpMethod.OPTIONS  Allow\n* 调用父类工具方法\n  * checkRequest\n  * prepareResponse 处理了缓存相关的头部\n* （需要的话）序列化请求。\n* **GOF模板模式**，暴露给子类 handleRequestInternal\n\n\nMultiActionController \n* GOF delegate模式，默认是自己（子类）\n* 利用反射解析出delegate（子类）的所有满足条件的Handler方法，规则如下\n  * 返回值满足`ModelAndView` `Map` `String` `void`\n  * **至少**两个参数，其中第一个是`HttpServletRequest`，第二个是`HttpServletResponse`\n  * 不是`handleRequest(HttpServletRequest,HttpServletResponse)`\n* 分类出异常Handler\n  * 满足Handler方法条件\n  * 三个参数，最后一个是Throwable的子类\n* 分类出一般Handler\n  * 除了异常Handler的其他Handler\n* 分类出LastModified的handler\n  * 满足Handler方法条件\n  * 方法名以LastModified结尾\n  * 返回值不是long Long\n  \n* handleRequestInternal实现\n  * `MethodNameResolver.getHandlerMethodName(request)`策略模式实现，映射出调用的Handler名,\n    * ParameterMethodNameResolver：\n      * 通过url的**参数名**\n      * 通过url的**参数值**定义Handler方法名（默认action=xxx）。\n      * logicalMappings\n      * defaultMethodName\n    * PropertiesMethodNameResolver：使用Properties配置完整路径名映射到方法名，支持正则。\n    * InternalPathMethodNameResolver(默认）：路径名最后面的去了后缀名，作为方法名\n  * 调用该Handler方法\n    * 依据handler定义，传入合适的参数，如session，commandObject\n  * 处理handler方法的返回值，并返回handleRequestInternal方法。\n    * null\n    * ModelAndView\n      * ModelAndView中有viewName，则只有此名字解析\n      * ModelAndView中没viewName，使用RequestToViewNameTranslator从request中获取默认名。（逻辑在dispatchServlet）\n  \n\n* ServletRequestDataBinder 的使用(父类WebDataBinder）\n  * binder.bind(request)\n  * binder.getBindingResult()\n  * registerCustomEditor\n  * \n* Validator\n\n\n## 注解方式：\n\n### 定义控制器：\n@Controller\n\n\n    \n    \n### 定义路由：\n@RequestMapping\n\n\n### Handler方法：\n功能处理方法，handelr映射到的方法。\n参数不同，会自动传入相应的值，返回值的类型不同含义同上。\n* request response\n``` java\n// request response\npublic String requestOrResponse (  \n        ServletRequest servletRequest, HttpServletRequest httpServletRequest,  \n        ServletResponse servletResponse, HttpServletResponse httpServletResponse  \n    ) \n```\n* 参数是java命令对象，并会放入model中（与@RequestParam区分）\n* Model、Map、ModelMap\n* HttpSession\n* 错误处理\n\n### 参数绑定：绑定功能处理方法的参数\n@RequestParam\n@PathVariable\n@CookieValue\n@RequestHeader\n高级的绑定：  绑定到命令对象\n@ModelAttribute(\"name\")\n* 加在方法参数上：绑定请求参数到命令对象\n* 加在方法上：暴露表单引用对象为模型数据\n* 加在方法返回值上：暴露方法返回值为模型数据\n* 其他：匿名绑定\n* http://blog.sina.com.cn/s/blog_6d3c1ec601017q4p.html\n* 如果把@ModelAttribute放在方法的注解上时，代表的是：该Controller的所有方法在调用前，先执行此@ModelAttribute方法。\n\n@SessionAttributes 绑定命令对象到session\n\n### 数据类型转换\n\n#### PropertyEditor 方式（旧方式）\n![](https://wizardforcel.gitbooks.io/gen-wo-xue-spring/content/img/1b2a8fb0-06d5-32d3-b71d-5ccb762a9a45.jpg)\n\n@InitBinder 放在方法上，表示 定义注册PropertyEditor，只绑定该控制器的某个数据。\n\n> * 绑定所有注解控制器的某个数据：通过webBindingInitializer注册到RequestMappingHandlerAdapter\n* 绑定全局（只要是该类型就使用）\n\n#### Spring3新框架\n![](https://wizardforcel.gitbooks.io/gen-wo-xue-spring/content/img/701372cc-b9b9-35d7-8407-5e42de58efa0.jpg)\n\n* Spring3新的ConversionService方式（不仅仅在mvc中可用），把数据转换成String，相当于PropertyEditor的setAsText\n  * ConversionService设计，面向服务的架构\n  * 一个converter服务只负责一个方向的转换，如果序号来回转换，则需要一对converter，如，`CollectionToStringConverter`和`StringToCollectionConverter`\n  * 内置的ConversionService\n  * 基本使用：先注册转换服务，再使用该服务转换。\n  * 一般使用Converter接口，还有其他接口，GenericConverter(实现能在多种类型之间进行转换)和ConditionalGenericConverter(实现有条件的能在多种类型之间进行转换)\n\n``` java\npublic class StringToPhoneNumberConverter implements Converter<String, PhoneNumberModel> {\n    Pattern pattern = Pattern.compile(\"^(\\\\d{3,4})-(\\\\d{7,8})$\");\n    @Override\n    public PhoneNumberModel convert(String source) {        \n        if(!StringUtils.hasLength(source)) {\n            //①如果source为空 返回null\n            return null;\n        }\n        Matcher matcher = pattern.matcher(source);\n        if(matcher.matches()) {\n            //②如果匹配 进行转换\n            PhoneNumberModel phoneNumber = new PhoneNumberModel();\n            phoneNumber.setAreaCode(matcher.group(1));\n            phoneNumber.setPhoneNumber(matcher.group(2));\n            return phoneNumber;\n        } else {\n            //③如果不匹配 转换失败\n            throw new IllegalArgumentException(String.format(\"类型转换失败，需要格式[010-12345678]，但格式是[%s]\", source));\n        }\n    }\n}\n// 使用\nDefaultConversionService conversionService = new DefaultConversionService();\n    conversionService.addConverter(new StringToPhoneNumberConverter());\n    String phoneNumberStr = \"010-12345678\";\n    PhoneNumberModel phoneNumber = conversionService.convert(phoneNumberStr, PhoneNumberModel.class);\n    \n```\n\n  \n* 数据格式化**显示**：格式化转换器（Formatter SPI） 和格式化服务API（FormattingConversionService），其实就是任意目标类型---->String的转换，**完全可以使用Converter SPI完成**。\n  * Formatter SPI内部实现实际委托给Converter SPI进行转换，即约束为解析/格式化String<---->任意目标类型。\n  * Formatter SPI最大特点是能进行字段/参数级别的**细粒度**解析/格式化控制，即使是**Converter SPI也是粗粒度**的（到某个具体类型，而不是其中的某个字段单独控制）。\n  * Formatter是特殊的Converter：只负责String和某个对象的转换，Converter可以是任意两个对象的转换\n    *  print --- Converter(obj->String)\n    *  parse --- Converter(String--Obj)\n  * 不仅仅支持类级别，支持字段级别的转换\n  * 查看FormattingConversionService源码，内部调用了Converter\n  * 内置的Formatter\n  \n``` java\n// 使用Formatter进行类转换\npublic class PhoneNumberFormatter implements Formatter<PhoneNumberModel> {\n    Pattern pattern = Pattern.compile(\"^(\\\\d{3,4})-(\\\\d{7,8})$\");\n    @Override\n    public String print(PhoneNumberModel phoneNumber, Locale locale) {//①格式化\n        if(phoneNumber == null) {\n            return \"\";\n        }\n        return new StringBuilder().append(phoneNumber.getAreaCode()).append(\"-\")\n                                  .append(phoneNumber.getPhoneNumber()).toString();\n    }\n\n    @Override\n    public PhoneNumberModel parse(String text, Locale locale) throws ParseException {//②解析\n        if(!StringUtils.hasLength(text)) {\n            //①如果source为空 返回null\n            return null;\n        }\n        Matcher matcher = pattern.matcher(text);\n        if(matcher.matches()) {\n            //②如果匹配 进行转换\n            PhoneNumberModel phoneNumber = new PhoneNumberModel();\n            phoneNumber.setAreaCode(matcher.group(1));\n            phoneNumber.setPhoneNumber(matcher.group(2));\n            return phoneNumber;\n        } else {\n            //③如果不匹配 转换失败\n            throw new IllegalArgumentException(String.format(\"类型转换失败，需要格式[010-12345678]，但格式是[%s]\", text));\n        }\n    }\n}\n\n// 使用\nDefaultFormattingConversionService conversionService = new DefaultFormattingConversionService();\nconversionService.addFormatter(new PhoneNumberFormatter());\n\nPhoneNumberModel phoneNumber = new PhoneNumberModel(\"010\", \"12345678\");\nAssert.assertEquals(\"010-12345678\", conversionService.convert(phoneNumber, String.class));\n```\n\n在springmvc中使用：\n* 注册ConversionService\n```xml\n<bean id=\"conversionService\" class=\"org.springframework.format.support.FormattingConversionServiceFactoryBean\">\n    <property name=\"converters\">\n       <list>\n            <bean class=\"cn.javass.chapter7.web.controller.support.formatter.PhoneNumberFormatAnnotationFormatterFactory\"/>\n            <bean class=\"cn.javass.chapter7.web.controller.support.converter.StringToPhoneNumberConverter\"/>\n            <bean class=\"cn.javass.chapter7.web.controller.support.converter.StringToDateConverter\">\n                <constructor-arg value=\"yyyy-MM-dd\"/>\n            </bean>\n        </list>\n    </property>\n</bean>\n```\n\n* 通过ConfigurableWebBindingInitializer注册ConversionService\n```xml\n<bean id=\"webBindingInitializer\" class=\"org.springframework.web.bind.support.ConfigurableWebBindingInitializer\">\n    <property name=\"conversionService\" ref=\"conversionService\"/>\n</bean>\n```\n\n* 注册ConfigurableWebBindingInitializer到RequestMappingHandlerAdapter(注意上面的PropertyEditor绑定也用到）\n```xml\n<bean class=\"org.springframework.web.servlet.mvc.method.annotation.RequestMappingHandlerAdapter\">\n<property name=\"webBindingInitializer\" ref=\"webBindingInitializer\"/>\n</bean>\n```\n\n公共知识点：\n* ApplicationContext实现了MessageSource接口:\nhttp://www.cnblogs.com/shanshouchen/archive/2012/08/08/2628394.html\n加载资源文件，在beans.xml下面定义名称id为messageSource的ResourceBundleMessageSource或者ReloadableResourceBundleMessageSource类。可以配置读取的资源文件，在文件中，可以写入，pro=value 的内容。\n以后可以同getMessage方法读取。\n\n* 注册ConfigurableWebBindingInitializer到RequestMappingHandlerAdapter，ConfigurableWebBindingInitializer可以绑定各种conversionService&&Valitor\n\nValidate机制：\n两个接口\n* Errors：改接口保存了错误信息。\n  * reject(errorCode)函数：调用它，存储错误信息errorCode\n  * getModel()函数：获取存储的错误的model\n  * 子类BindingResult：代表数据绑定的结果，继承了Errors接口。\n  * 子类BindException：代表数据绑定的异常，它继承Exception，并实现了BindingResult，这是内部使用的错误对象。\n* Validator：\n  * support 指定是否支持某个类\n  * validate 验证的逻辑，参数是errors，调用它的reject来实现验证。\n\n使用\n* 验证器实现， 继承Validator\n  * support：一班对于某个类都是：`return Foo.class.isAssignableFrom(clazz);`\n  * validate：验证逻辑，调用errors.reject。或者使用工具`ValidationUtils`类，来reject\n  * \n* 配置errors.reject(errorCode)对应的errorCode错误信息，参考ApplicationContext，在beans.xml里面配置一个id为messageSource的ResourceBundleMessageSource类。并指定配置文件，在配置文件中errorCode=error_msgxxxx\n* 使用Validator\n  * Controller接口中使用：已经废弃的SimpleFormController，直接注入一个validator，本质上就是下面的方法。\n  * 直接代码实现new一个Validator并调用。参考Spring源码，`MultiActionController.java`中bind方法。可以从Validator对应的Errors中获取对应的错误信息。获取错误并渲染视图：`new ModelAndView(getCreateView()).addAllObjects(errors.getModel());`\n  * 声明式验证器：JSR-303验证框架\n    * 导入Hibernate-validator库\n    * 构造org.springframework.validation.beanvalidation.LocalValidatorFactoryBean对象，并设置validationMessageSource参数\n    * 通过ConfigurableWebBindingInitializer注册validator（参考类型转换，一样的）\n    * 添加注解\n      * 给想验证的字段添加注解，如@NotNull(message=\"{username.not.empty}\") 为模型对象的属性指定验证信息\n      * 在**控制器**的命令对象上注解@Valid来告诉SpringMVC此命令对象在绑定完毕后需要进行JSR-303验证，**如果验证失败会将错误信息添加到errors错误对象中**，我们可以通过它来判断结果，跳转页面。参考下面代码\n    * 配置错误信息\n      * 硬编码：不推荐,@NotNull(message=\"error\")\n      * 配置文件：默认是ValidationMessages.properties\n        * 默认的错误消息文件及默认错误消息键值，在/org/hibernate/validator/ValidationMessages.properties下面。**消息键**默认为：`验证约束注解的全限定类名.message`。如`javax.validation.constraints.NotNull.message=may not be null`。\n        * 自定义的错误消息文件：设置ResourceBundleMessageSource对象的basename参数指定配置文件\n          * 注解不指定message时，自定义消息键默认的内容，`javax.validation.constraints.NotNull.message=不能为空`\n          * 注解不指定message时，默认为验证的对象自动生成如下错误消息键，按查找优先级排列。\n            * 验证错误注解简单类名.验证对象名.字段名如 `Pattern.model.value`\n            * 验证错误注解简单类名.字段名 `Pattern.value`\n            * 验证错误注解简单类名.字段类型全限定类名 `Pattern.java.lang.String`\n            * 验证错误注解简单类名 `Pattern`\n        * 自定义消息键值 \n          * 指定消息键值 message=\"{user.name.error}\"，在指定的配置文件中添加，`user.name.error=用户名格式不合法`\n    * 其他：功能处理方法上多个验证参数的处理，多个Errors或BindingResult对象作为参数来保存验证结果。\n    \n``` java\n\npublic class UserModel {\n    @NotNull(message=\"{username.not.empty}\")\n    private String username;\n}\n\n\n@Controller\npublic class HelloWorldController {\n    @RequestMapping(\"/validate/hello\")\n    public String validate(@Valid @ModelAttribute(\"user\") UserModel user, Errors errors) {\n\n        if(errors.hasErrors()) { // 处理验证结果\n            return \"validate/error\";\n        }\n        return \"redirect:/success\";\n    }\n}\n```\n\n\n\n<mvc:annotation-driven/>\n\nJSON\n@RequestBody、@ResponseBody\nContentNegotiatingViewResolver\nhttp://www.zhaochenxi.com/2016/04/23/spring-mvc-contentnegotiatingviewresolver%E5%86%85%E5%AE%B9%E5%8D%8F%E5%95%86%E8%A7%86%E5%9B%BE%E8%A7%A3%E6%9E%90/\n\n## 拦截器HandlerInterceptor\n### 概念\n可以在三个地方插入代码。\n* preHandle：Handler执行前，\n* postHandle：Handler执行后，视图渲染前\n* afterCompletion：视图渲染完成。\n\n### 使用\n* 一般继承HandlerInterceptorAdapter，它是HandlerInterceptor接口的默认实现\n* 根据业务逻辑，实现相应的回调函数，**这里往往用到threadLocal**\n* 注册到，HandlerMapping的interceptors变量中。\n\n### 应用\n* 统计请求时间\n* 登录拦截\n* 推荐能使用servlet规范中的过滤器Filter实现的功能就用Filter实现，因为HandlerInteceptor只有在Spring Web MVC环境下才能使用，因此Filter是最通用的、最先应该使用的。如登录这种拦截器最好使用Filter来实现\n\n## 异常处理\nhttp://blog.csdn.net/ufo2910628/article/details/40399539\n"
    },
    {
      "type": "markdown",
      "data": "csrf处理：http://blog.csdn.net/behurry/article/details/38169279"
    },
    {
      "type": "markdown",
      "data": "测试：https://www.ibm.com/developerworks/cn/java/j-lo-springunitest/"
    },
    {
      "type": "markdown",
      "data": "validate 以json格式返回错误\n\nhttpmessageconvert\nhttp://www.baeldung.com/spring-httpmessageconverter-rest\n\nRequestMapping(produces=\"\")设置返回的格式"
    },
    {
      "type": "markdown",
      "data": "spring 4.0注解\n@ResponseBody也可以加到类一级，通过继承方法一级不需要添加\n@RestController=ResponseBody+Controller"
    }
  ]
}