{
  "title": "MySql",
  "cells": [
    {
      "type": "markdown",
      "data": "mysql服务端：启动、暂停服务\nmysql.server start stop status --help"
    },
    {
      "type": "markdown",
      "data": "mysql客户端：\n用户登录（默认root，无密码）\nmysql -uroot\n\n所有命令分号结尾\n\n1. 查看所有数据库\nshow databases;\n> drop database if exists school; //如果存在SCHOOL则删除\n> create database school; //建立库SCHOOL\n\n\n2. 链接某个数据库\nuse xxxdatabases;\n> 连接以后怎么退出。其实，不用退出来，use 数据库后，使用show databases就能查询所有数据库，如果想跳到其他数据库，用use 其他数据库名字就可以了。\n\n3. 显示所有表\nshow tables;\n\n4. 增上改查\n5. 表结构操作语言DDL\n  * 显示表结构 desc tablename;\n\nMySQL中SELECT命令类似于其他编程语言里的print或者write，你可以用它来显示一个字符串、数字、数学表达式的结果等等。\nselect now(); \nselect version(); "
    },
    {
      "type": "markdown",
      "data": "端口：\n默认3306\nhttp://bbs.csdn.net/topics/310026018"
    },
    {
      "type": "markdown",
      "data": "mongodb hbase mysql 常见的数据库和应用场景\nmongodb：不支持表 join，事务，schema-less(应用场景：log）\nmongodb 和 mysql 要我选的话，无关紧要的应用我会选择 mongodb，就当个简单的存 json 数据的数据库来用；如果是线上应用，肯定还是会选择 mysql。毕竟 sql 比较成熟，而且各种常用场景的最佳实践都有先例了。\n\n数据库存储：https://www.ibm.com/developerworks/community/blogs/IBMi/entry/database?lang=en"
    },
    {
      "type": "markdown",
      "data": "数据分配sharding--按照逻辑分开？"
    },
    {
      "type": "markdown",
      "data": ""
    }
  ]
}