{
  "title": "express",
  "cells": [
    {
      "type": "markdown",
      "data": "中间件： http://www.expressjs.com.cn/guide/using-middleware.html"
    },
    {
      "type": "markdown",
      "data": "路由：可使用 express.Router 类创建**模块化**、可挂载的路由句柄"
    },
    {
      "type": "markdown",
      "data": "express3.x-->express4.x http://expressjs.com/zh-cn/guide/migrating-4.html"
    },
    {
      "type": "markdown",
      "data": "response :从send变成了sendfile，后者专门用于发送文件\nresponse.writeHead(200, { \"Content-Type\": \"text/plain\" });\nend(xxx)"
    }
  ]
}