{
  "title": "运维自动化",
  "cells": [
    {
      "type": "markdown",
      "data": "持续集成（Jenkins）--》持续交付（测试，评审）--》持续部署（Puppet）"
    },
    {
      "type": "markdown",
      "data": "puppet工具\nc/s结构的工具，根据s端的配置文件在c端执行相应的命令，确保c端的环境一致性。\n配置文件manifest需要DSL编写。。也算开发吧。\nhttp://dongxicheng.org/cluster-managemant/puppet/\n\n一个简单的流程：：安装gcc，创建文件夹/home/dxc/test，下载文件hello.c程序，编译hello.c。\n命令行可以做的事情可以用它自动化，环境配置，程序编译，部署\n\nrpm包，自动化部署，http://www.zyops.com/autodeploy-rpm"
    },
    {
      "type": "markdown",
      "data": "高级课题：环境部署治理http://coolshell.cn/articles/7657.html\n环境 = package + config(例如jdk和环境变量）\n环境target = config + machine （例如，release 还是debug）"
    },
    {
      "type": "markdown",
      "data": ""
    }
  ]
}