{
  "title": "选择适当的数据库方案",
  "cells": [
    {
      "type": "markdown",
      "data": "## [方案](https://www.zhihu.com/question/27977160)\n\n* 原生sqlite\n* orm框架\n* ContentProvider+LoaderManager\n* 结合使用\n\n## 官方建议\nhttp://developer.android.com/intl/zh-cn/guide/topics/providers/content-provider-creating.html#Intents\n\n## 使用ContentProvider\n* 一个app多个ContentProvider，一个ContentProvider，对应一个数据库，一个数据库中含有n个table（表）\n* 快速生成ContentProvider的工具-[schematic](https://github.com/SimonVT/schematic)，[demo](https://github.com/SimonVT/schematic/blob/master/schematic-samples%2Fsrc%2Fmain%2Fjava%2Fnet%2Fsimonvt%2Fschematic%2Fsample%2Fdatabase%2FNotesProvider.java)\n* 事务操作：创建一个 ContentProviderOperation 数组，然后将相应的操作添加到数组中，最后通过 ContentResolver.applyBatch 实现批量操作。\n\n## 注意点\n* 进程安全，但不是线程安全，query 等方法可以同时被多个线程调用，所以这些方法必须线程安全。也就是不能使用全局变量、静态变量。（如果非要使用，必须加锁）。但是，数据库dbhelp自身会对操作排队，所以不用担心数据库的线程安全。\n* 避免在 onCreate() 中执行长时间操作，只构建DbHelper。。不getdb，这很快。\n* 外部应用访问数据有多重方式，通过路径开发部分内容、临时权限，intent访问等。\n\n\n\n\n"
    },
    {
      "type": "markdown",
      "data": "开源库http://zhidao.baidu.com/question/1734747245240004987.html\n\ndbflow https://infinum.co/the-capsized-eight/articles/top-five-android-libraries-every-android-developer-should-know-about-v2015"
    }
  ]
}