{
  "title": "html css js",
  "cells": [
    {
      "type": "markdown",
      "data": "1. 为什么要css\nhttp://www.cnblogs.com/huangxincheng/p/4472781.html\n2. css样式的来源\n当你不为html元素设置任何样式时，显示在浏览器上的（比如：元素会显示粗体、元素有纵向margin、元素字号比元素大一倍……）这是为什么呢？\n显示在浏览器上的是默认样式！\n因为浏览器自带一个默认的样式，在html元素未被设置样式时，浏览器会按照自己默认的样式来显示。但是浏览器默认样式的级别是最低的，一旦有其他地方设置了样式，浏览器默认样式就会被覆盖掉。不同浏览器的默认样式有些地方是不一样的。例如，我们在写css时，都会首先设置 {margin:0; padding:0;}，这是为何？就是因为有浏览器兼容性问题。干脆，全部弄成0，这样各个浏览器就都统一了。\nhttp://www.cnblogs.com/hanzhaoxin/p/4357426.html?utm_source=tuicool&utm_medium=referral\n\n3. css选择器类型与优先级\nhttp://www.w3school.com.cn/cssref/css_selectors.asp\n指代越具体优先级越高，覆盖低的设置的属性\n  区分:\n  * 有`.`的 没`.`的\n  * 有`#`的 没`#`的\n  * 用`,`分割 用`>`分割 没有的\n\n  demo:\n  * p.xxx\n  * h2#xxx div#content  \n\n  > 注意：不能数字开头\n  > 理解：层叠样式\n  \n  使用多个样式\n  `<p class=\"para para_bg\">如果没有一个好的结构</p>`\n  \n\n\n4. 变量定义 var const let 什么都没有\n  奇葩的东西！\n  * javascript的var变量声明具有hoisting机制，JavaScript引擎在执行的时候，会把所有变量的声明都提升到当前作用域的最前面。\n  * javascript是没有块级作用域的。函数是JavaScript中唯一拥有自身作用域的结构。\n  * 定义变量时省略var是不安全的，不过是合法的。这时无论该变量是在什么位置定义的，解释器都会赋予该变量以全局作用域。\n  * [没有var 定义的变量可以delete.也就说明隐含全局变量严格来说不是真正的变量，而**是全局对象的属性**.](https://segmentfault.com/q/1010000000609069)\n  * 原则上不用没有var的\n  * 新标准应当用let定义全局变量，避免提升。\n\n5. 类的定义\n  * var a={}\n  * var a= new Object()\n  * z.num=123\n  * z.onePerson = new Object()"
    },
    {
      "type": "markdown",
      "data": "对象模型\nhttp://www.ruanyifeng.com/blog/2010/05/object-oriented_javascript_encapsulation.html\nPrototype模式写时拷贝\n```javascript\nCat.prototype =  new Animal;　　\nCat.prototype.constructor = Cat;　　\nvar cat1 = new Cat(\"大毛\", \"黄色\");　\ncat1.species=\"!!!!\"\n\nalert(cat1.__proto__.species);\nalert(cat1.species);\n```\n\n原型链\nhttps://blog.oyanglul.us/javascript/understand-prototype.html\n\n对象模型详解（翻译的不好）\nhttps://developer.mozilla.org/zh-CN/docs/Web/JavaScript/Guide/Details_of_the_Object_Model \n\n重点：\n了解js类继承的本质！对C语言的语法糖，本质上没有类的概念！通过Prototype的list对继承进行模拟，引入了一堆奇怪的问题。（如：先查找自己的属性再找list列表，一旦写了某个值就会copy，导致不会再查找list。）\n\n理解函数的属性！区分函数自身和函数可以构造的对象\nprototype是函数特有的属性，**用来构造对象用。**\n__proto__是所有对象（除了object）都有的属性！包括函数。\n "
    },
    {
      "type": "text",
      "data": "<div><img src=\"quiver-image-url/71C4ACEEF88D3B5CA778218F27FE4157.jpg\"><br></div>"
    },
    {
      "type": "markdown",
      "data": "对象与函数的关系：\n函数是一个对象\n**所有对象从技术上讲也是函数**（好像把C封装了）\n```js\n // var a = new A('hehe') =>\n var a = new Object();\n a.__proto__ = A.prototype; (proto)\n A.call(a, 'hehe');\n```\n理解：call与apply的作用（设置this，并调用函数），区别。"
    },
    {
      "type": "markdown",
      "data": "理解：constructor，没什么卵用，是object的一个属性，但是还是设置对比较好，指向构造函数。所有如果设置了函数对象的prototype属性加一句：\n```js\no.prototype.constructor = o;//o是函数对象名\n```"
    },
    {
      "type": "markdown",
      "data": "理解：this关键字:http://www.ruanyifeng.com/blog/2010/04/using_this_keyword_in_javascript.html\n```js\nfunction Engineer (name, projs, mach) {\n  this.base = WorkerBee;\n  this.base(name, \"engineering\", projs);\n  // 对比\n  // WorkerBee(name, \"engineering\", projs);\n  this.machine = mach || \"\";\n}\n```"
    },
    {
      "type": "markdown",
      "data": "js的对象总结：\n* 是C语言的封装，c+prototype思想\n* 自己维护继承链，太坑"
    },
    {
      "type": "markdown",
      "data": "理解闭包，本质与主要作用，保存上下文，对比java中内部类/匿名函数，体会优势！"
    },
    {
      "type": "markdown",
      "data": "前端框架的变化：\nhttp://www.alloyteam.com/2016/04/zepto-jquery-angularjs-react-and-nuclear-evolution/"
    },
    {
      "type": "markdown",
      "data": "关于js的网络请求\n跨域问题: 服务端解决，返回头部Access-Control-Allow-Origin *"
    },
    {
      "type": "markdown",
      "data": "登录：认证方式\n可以对比一下三种认证方式的区别，这也是很基础的事情了 \n1. basic auth \n没有安全性可言，完全依赖 https，并且每次请求都需要传递密码，是最不安全的 \n\n2. session \n一般需要 basic auth 或其它 auth 方式先进行身份认证后才能建立，和 basic auth 一样没有什么安全性可言，需要 https 保障，只不过避免了每次传递密码（忽略服务器端状态这点特性） \n**服务端更具sessionId缓存信息**\n\n3. oauth （jwt的原理？）\n部分是为了解决 basic auth 的安全问题而设计的，但是要复杂很多，即使没有https也能保证基本的安全，数据包被监听后不能防止信息泄露，但可以防止信息伪造，包括重放攻击。**用于无状态的restful API设计？原来session的缓存放在客户端本地！**\n\n4. jwt\nhttp://www.jianshu.com/p/576dbf44b2ae\n\nhttp://www.cnblogs.com/xiekeli/p/5607107.html\n\n待研究http://blog.rainy.im/2015/06/10/react-jwt-pretty-good-practice/"
    },
    {
      "type": "markdown",
      "data": "css 与html的职责\nhtml负责内容，css负责**布局**和修饰（背景等）\n所以不推荐用html布局（如表格布局）和设置颜色背景等\n\n* html头部meta的作用\nhttp://www.w3school.com.cn/html/html_head.asp\n* HTML 实体\n&entity_name;或者&#entity_number;\n&nbsp;\n* scheme://host.domain:port/path/filename  www是host，默认主机名\n* URL 编码\n  * URL 只能使用 ASCII 字符集来通过因特网进行发送。\n  * 由于 URL 常常会包含 ASCII 集合之外的字符，URL 必须转换为有效的 ASCII 格式。\n  * URL 编码使用 \"%\" 其后跟随两位的十六进制数来替换非 ASCII 字符。\n  * URL 不能包含空格。URL 编码通常使用 + 来替换空格。\n\n* cookies的主要作用：server用来传送数据，保持状态的，不是client用的。\n\nHTML5:\n* video autdio location\n* drag\n* canvas svg\n* localstorage/sessionstorage vs cookies\n* app cache\n* work thread\n* [server send event vs websocket]( http://stackoverflow.com/questions/5195452/websockets-vs-server-sent-events-eventsource)\n* 一些表单form的属性，帮助写表单\n\n[css](http://zh.learnlayout.com/toc.html)（从叠样式表）:\n* CSS 对大小写不敏感,但是class 和 id 名称对大小写是敏感的\n* 根据 CSS，子元素从父元素继承属性（body里面的元素自动使用body的样式）。但可能有兼容问题。此外，背景属性都不能继承。\n* 引入css的三种方式和优先级\n* CSS选择器\n  * 区分几种情况：空格，逗号，连着写\n    *  `div #id` `p .div` `.classone .classtwo`\n    *  `div#id`  `p.div`  `.classone.classtwo`\n    *  `#id div` `.div p`\n    *  `div,#id` `p,.div`\n    *  `#id,div` `.div,p`\n  * 上下文选择器（派生选择器）：依据元素在其位置的上下文关系来定义样式,**层次间隔可以是无限的**。必须用`空格`分割，例子： \n    * `li strong{}` //li中的strong标签\n  * id选择器\n    * `#myid{}  ` \n    * `#sidebar p {}` //上下文选择器+id选择器\n    * `div#sidebar{}` //**div且id为xx的**,区分`div #sidebar{}` div内部有#sidebar的\n  * 类选择器，类名的第一个字符不能使用数字\n    * `.className`\n    * `.fancy td{}` //上下文选择器+类选择器\n    * `td.fancy{}`//**td且是facncy类**,区分`td .fancy{}`\n  * 属性选择器：用于选择那些没有id也没有class的标签\n    * `[title]{}` 有title的元素\n    * `[title=hello]{}`有title值仅等于hello的元素\n    * `[title~=hello]{}`有title值等于hello的元素，可以有空格分割如`<div title=\"hello world\"><div>`\n    * `[title|=hello]{}`有title值等于hello的元素，可以有-分割如`<div title=\"hello-world\"><div>`\n    * 与其他选择器结合\n  * 类选择器还是 ID 选择器？\n    * 只能在文档中使用一次\n    * 不能使用 ID 词列表,既一个元素不能有多个id\n    * ID 能包含更多含义，指定业务含义\n  * **伪类**\n    * `selector : pseudo-class {property: value}`\n    * `selector.class : pseudo-class {property: value}`\n    * `a:visited {color: #00FF00}`\n    * `p:first-child {font-weight: bold;}` **选择p作为第一个child时的那个p，不是选择p的第一个child**\n    * `p > i:first-child {font-weight:bold;} `选择作为p的第一个直接子元素的i。**从做到右来理解表达式!**\n    * :lang 伪类使你有能力为不同的语言定义特殊的规则\n  * 伪元素\n    * `selector:pseudo-element {property:value;}`\n    * `selector.class:pseudo-element {property:value;}`\n    * 与伪类区分，它园中的是冒号后面的\n    * p:first-line{color:#ff0000;} 选择p的第一行文字\n    * :first-letter\n    * h1:before{content:url(logo.gif);} 在h1前插入内容，类似的:after\n  * 子元素选择器：不是选择任意的后代元素，而是只选择某个元素的子元素。\n    *  `h1 > strong`\n  * 相邻兄弟选择器：可选择紧接在另一元素**后的元素**，且二者有相同父元素。\n    * `h1 + p {margin-top:50px;}`：选择紧接在 h1 元素后出现的段落p。\n  * 一个类有多个选择器 `<p class=\"important warning\">hello</p>`\n  \n\n* CSS样式 一些惯例用法\n  * 设置body的字体与字号,em单位的使用\n  ```html\n  body {font-size:100%;}\n  h1 {font-size:3.75em;}\n  h2 {font-size:2.5em;}\n  p {font-size:0.875em;}\n  ```\n  * 链接相关的选择器\n    * a:link - 普通的、未被访问的链接\n    * a:visited - 用户已访问的链接\n    * a:hover - 鼠标指针位于链接的上方\n    * a:active - 链接被点击的时刻\n* CSS框模型：padding,margin，content是什么\n  * 元素组成:内容，内边距（padding），边框(border)，外边距(padding)\n  * 与android不同的是**padding和边框不算在内容区域width/height中**(IE5,6是这样的）\n  * 背景应用在在边框内（content+padding），下面红色虚线\n    ![](http://www.w3school.com.cn/i/ct_css_boxmodel_example.gif)\n  * 外边距可以是负值，而且在很多情况下都要使用负值的外边距。\n  * 由于 border-style 的默认值是 none，如果希望边框出现，就必须声明一个边框样式。\n  * 一个奇怪的性质：外边距合并，仅仅在垂直方向\n  \n* [CSS布局与定位](http://www.w3school.com.cn/css/css_positioning.asp)\n  * 一切皆为框：块框(display:block，如p)，行内框(display:inline，如span)，无名框，行框（如，文本的一行）\n    * 一行形成的水平框称为行框（Line Box），行框的高度总是足以容纳它包含的所有行内框，设置行高可以增加这个框的高度。\n  * 三种定位方式：\n    * 普通流（默认）：position:static，不会重叠\n    * 绝对定位：原来的占位不保留，改变结构。定位后可能重叠。\n      * position:absolute 相对于**最近的已定位祖先元素**（不是static的父亲，一直到body）\n      * position:fix 相对于整个视窗，效果：滚动页面定位不动。\n    * 相对定位：position:relative就是static加上偏移值，原来的占位还保留，不改变结构。偏移之后可能重叠\n    * 浮动：最常用的手段，左右浮动，文字框重叠，文字不会重叠，文字环绕\n      * float\n      * clear\n      * http://www.w3school.com.cn/tiy/t.asp?f=csse_float6\n* CSS3新特性\n* 坑：\n  * css中忘了加分号，导致属性不起作用"
    },
    {
      "type": "markdown",
      "data": "js\n基本语法\n标准库\n浏览器API\nDOM\nWeb API"
    },
    {
      "type": "markdown",
      "data": "前后端分离\nhttp://2014.jsconf.cn/slides/herman-taobaoweb/#/"
    },
    {
      "type": "markdown",
      "data": "其实RWD和AWD都是响应式设计，从外观上很难分辨，但他们自己运行机理不同，RWD是主动式的响应设计，AWD是被动式的响应式设计，RWD不管用户使用的是什么设备都是在服务器把数据推送到浏览器后，脚本或CSS自行侦测屏幕大小后执行对应的样式表内容，并且一直通过本地脚本在监听屏幕大小的变化，随时做出样式响应的变化，所以是主动的。\n但AWD是用户通过浏览器发送请求后，服务器根据请求中夹带的用户设备设备信息做出判断，调用已经在服务器里准备好的，适应对应设备样式文件+HTML内容+JS，返回给浏览器以这种方式响应不同设备。\n\n关于viewport\nhttp://www.cnblogs.com/2050/p/3877280.html\n\n[适配方法](https://developers.google.com/web/fundamentals/design-and-ui/responsive/fundamentals/use-media-queries?hl=zh-cn):\n1. 使用相对单位,为网页元素设置较大的) CSS绝对宽度（如下例所示）会导致 div 因过宽而不适合窄视口设备（例如，iPhone 等宽度为 320 CSS 像素的设备）。因此，请改为使用相对宽度值，例如 width: 100%。同样请注意，使用较大的绝对定位值可能会使元素脱离小屏幕上的视口。\n\n2. CSS 媒体查询\n3. [设置断点](。https://developers.google.com/web/fundamentals/design-and-ui/responsive/fundamentals/how-to-choose-breakpoints?hl=zh-cn)，利用媒体查询功能设置断点，所谓断点就是到这个点css配置就切换\n\n响应式布局设计\nhttps://developers.google.com/web/fundamentals/design-and-ui/responsive/patterns/?hl=zh-cn"
    },
    {
      "type": "markdown",
      "data": ""
    },
    {
      "type": "markdown",
      "data": ""
    },
    {
      "type": "markdown",
      "data": ""
    }
  ]
}