{
  "title": "nodejs",
  "cells": [
    {
      "type": "markdown",
      "data": "npm 与 brower\nhttp://fy98.com/2014/12/10/npm-vs-bower/"
    },
    {
      "type": "markdown",
      "data": ""
    },
    {
      "type": "markdown",
      "data": "nodejs与sevelet\nnodejs更通用，默认是http，也可以写别的\nserverlet是http服务器\n\nhttps://www.quora.com/What-is-the-difference-between-JavaScript-servlet-and-JSP"
    },
    {
      "type": "markdown",
      "data": "http\n处理get\nhttp.createServer(function(req, res) {\n\n  // 主页\n  if (req.url == \"/\") {\n    res.writeHead(200, { \"Content-Type\": \"text/html\" });\n    res.end(\"Welcome to the homepage!\");\n  }\n\n  // About页面\n  else if (req.url == \"/about\") {\n    res.writeHead(200, { \"Content-Type\": \"text/html\" });\n    res.end(\"Welcome to the about page!\");\n  }\n\n  // 404错误\n  else {\n    res.writeHead(404, { \"Content-Type\": \"text/plain\" });\n    res.end(\"404 error! File not found.\");\n  }\n\n}).listen(8080, \"localhost\");\n\n处理post 服务器端在req上可以对data和end两个事件，设立监听函数。\n\n\nhttp.createServer(function (req, res) {\n  var content = \"\";\n\n  req.on('data', function (chunk) {\n    content += chunk;\n  });\n\n  req.on('end', function () {\n    res.writeHead(200, {\"Content-Type\": \"text/plain\"});\n    res.write(\"You've sent: \" + content);\n    res.end();\n  });\n\n}).listen(8080);"
    },
    {
      "type": "markdown",
      "data": "CommonJS模块规范\n所有代码都运行在模块作用域，不会污染全局作用域。\n模块可以多次加载，但是只会在第一次加载时运行一次，然后运行结果就被缓存了，以后再加载，就直接读取缓存结果。要想让模块再次运行，必须清除缓存。\n模块加载的顺序，按照其在代码中出现的顺序。\n"
    },
    {
      "type": "markdown",
      "data": "js模板，client端渲染，nodejs的server端渲染都可以\nejs\nhttp://blog.csdn.net/gxhacx/article/details/12514423"
    },
    {
      "type": "markdown",
      "data": "express+mysql\nhttp://www.alloyteam.com/2015/03/sexpressmysql/\n\n安装mysql https://aaaaaashu.gitbooks.io/mac-dev-setup/content/MySql/index.html\ntools： Navicat"
    },
    {
      "type": "markdown",
      "data": "idea \n--expose_debug_as=v8debug"
    }
  ]
}