{
  "title": "实践",
  "cells": [
    {
      "type": "markdown",
      "data": "nodejs\nexpress\n\n基础学习官方文档：http://expressjs.com/zh-cn/advanced/best-practice-performance.html\n\ndocker\nhttps://github.com/b00giZm/docker-compose-nodejs-examples\n\n运维部署：\nhttp://anandmanisankar.com/posts/docker-container-nginx-node-redis-example/\nhttp://dockone.io/article/291\n\nComplete Nodejs Environment Setup 有数据库\nhttps://gist.github.com/natestarner/1998987\n\n\n一个不错的例子聊天程序：redis express Socket mongodb mysql\nhttps://github.com/rajaraodv/redispubsub\n\n一个完整的web app例子(没有redis）：https://github.com/aybmab/express-redux-sample\n"
    },
    {
      "type": "markdown",
      "data": "教程：https://blog.risingstack.com/node-hero-tutorial-getting-started-with-node-js/\n\nnodejs中redis的使用\nhttps://www.ibm.com/developerworks/cn/opensource/os-cn-nodejs-redis/\nredis与mongdb结合使用\nhttp://ourjs.com/detail/54b72644232227083e00000a\n\n干货文章？\nhttp://wiki.jikexueyuan.com/project/node-lessons/\n\nredis 应用场景\nhttp://my.oschina.net/u/267858/blog/471904"
    },
    {
      "type": "markdown",
      "data": "??\nhttp://hackathonstarter-sahat.rhcloud.com/#"
    },
    {
      "type": "markdown",
      "data": "[关于负载均衡](http://i5ting.github.io/node-deploy-practice/#103)：\nnginx 多机负载\npm2 单机多实例负载\n\n多和cpu需要单机运行多实例，\n\nmemcache、redis为什么是必须的\n重要信息：由于应用程序实例作为单独的进程运行，因此它们不会**共享同一内存空间**。也就是说，对象位于应用程序每个实例的本地。因此，无法在应用程序代码中保存状态。然而，可以使用 Redis 之类的内存中数据存储器来存储与会话相关的数据和状态。此警告适用于几乎所有形式的水平扩展（无论是多个进程的集群还是多个物理服务器的集群）\n对于负载均衡功能，可能必须确保与特定会话标识关联的请求连接到产生请求的进程。这称为会话亲缘关系或者粘性会话，可通过以上的建议来做到这一点：将 Redis 之类的数据存储器用于会话数据（取决于您的应用程序）。\n\n\n\ndocker\nhttps://github.com/shell909090/slides/blob/master/md/docker.md\n理解成paas，最好只读镜像，写代价大，要存储数据使用外部服务。最好只是一个运行环境（代码）。"
    },
    {
      "type": "markdown",
      "data": " Nginx（和其他服务器）上配置 TLS \n在 Nginx 中启用 gzip 压缩\n使用逆向代理提供静态文件\n\nNGINX缓存使用官方指南 https://linux.cn/article-5945-1.html"
    },
    {
      "type": "markdown",
      "data": "消息队列\n是什么，应用？\n感觉类似eventbus，作用解耦模块\nhttp://mp.weixin.qq.com/s?__biz=MzAxMTU0NTc4Nw==&mid=222389072&idx=1&sn=c0baf99bda2c74aa8b4fd0e2a2b14096\n\nnode需要吗？本身就是异步模型，但是消息队列还可以服务解耦。\n消息队列往往是用redis做的？"
    },
    {
      "type": "markdown",
      "data": "\ndubbo是管理中间层的工具，在业务层到数据仓库间有非常多服务的接入和服务提供者需要调度，dubbo提供一个框架解决这个问题。\n\n注意这里的dubbo只是一个框架，至于你架子上放什么是完全取决于你的，就像一个汽车骨架，你需要配你的轮子引擎。这个框架中要完成调度必须要有一个分布式的注册中心，储存所有服务的元数据，你可以用zk，也可以用别的，只是大家都用zk。\n\n\nthrift 是一个rpc协议，跨语言的。类似rmi。可以用二进制或者json作为底层传输介质。\n\n[zookeeper](https://www.ibm.com/developerworks/cn/opensource/os-cn-zookeeper/)（核心） 管理分布式的数据（像文件系统的目录）。可以用来订阅变换。\n\ndubbo是个服务框架，其中注册中心可以用zk实现，协议可以用thrift、rmi。\n\n**RPC与http** https://segmentfault.com/q/1010000003049016\nrpc是远程过程调用，你可以这么理解，就是在另外一台服务器上有一段代码（函数），你可以通过网络远程调用它。用什么协议（http，tcp，udp…），传输什么数据格式（json，xml，二进制…）你都可以自己定义。\n\nhttp只是一种应用层的协议，和你要写的代码没有关系。你只需要好好的了解它，并且利用好它的特性就好了。\n\nwebservice，顾名思义这也是一种提供service的形式，只是它是通过http（web）来提供service而已。你可以**基于http**（顾名思义--web）来提供你想提供的任意的服务，可以是rpc，也可以是restful。\n\n **A web service is a specific implementation of RPC，At its lowest level, all a web service is, is connecting to a socket, using the HTTP protocol to negotiate sending a payload that is executed in a remote space **\n \n另外一个解释：https://www.zhihu.com/question/29799285\nrestful那种（基于http的rpc）非阻塞调用，其它tcp的rpc阻塞等待。\n"
    },
    {
      "type": "markdown",
      "data": "rpc vs mq\nhttp://oldratlee.com/post/2013-02-01/synchronous-rpc-vs-asynchronous-message\n\nhttp://www.kancloud.cn/digest/javaframe/125573"
    },
    {
      "type": "markdown",
      "data": "目前关于网站架构一般比较合理流行的架构方案：Web前端采用Nginx/HAProxy+Keepalived作负载均衡器；后端采用MySQL数据库一主多从和读写分离，采用LVS+Keepalived的架构。\n\n现在对网络负载均衡的使用是随着网站规模的提升根据不同的阶段来使用不同的技术：\n\n第一阶段：利用Nginx或HAProxy进行单点的负载均衡，这一阶段服务器规模刚脱离开单服务器、单数据库的模式，需要一定的负载均衡，但是仍然规模较小没有专业的维护团队来进行维护，也没有需要进行大规模的网站部署。这样利用Nginx或HAproxy就是第一选择，此时这些东西上手快， 配置容易，在七层之上利用HTTP协议就可以。这时是第一选择。\n\n第二阶段：随着网络服务进一步扩大，这时单点的Nginx已经不能满足，这时使用LVS或者商用Array就是首要选择，Nginx此时就作为LVS或者Array的节点来使用，具体LVS或Array的是选择是根据公司规模和预算来选择，Array的应用交付功能非常强大，本人在某项目中使用过，性价比也远高于F5，商用首选！但是一般来说这阶段相关人才跟不上业务的提升，所以购买商业负载均衡已经成为了必经之路。\n\n第三阶段：这时网络服务已经成为主流产品，此时随着公司知名度也进一步扩展，相关人才的能力以及数量也随之提升，这时无论从开发适合自身产品的定制，以及降低成本来讲开源的LVS，已经成为首选，这时LVS会成为主流。\n最终形成比较理想的基本架构为：Array/LVS — Nginx/Haproxy — Squid/Varnish — AppServer。\n\n第一层：LVS管理**多个nginx**，Lvs只负责tcp/ip层的转发，实现负载均衡，与业务无关。\n第二次：每个nginx，下面都和所有的应用服务器相连接，实现业务相关的负载均衡？（nginx是http应用层的负载均衡，如根据访问目录动静分离）\n注意:\n1.lvs单点问题，配合使用keepalive\n2.如果第一层不用lvs，单独用ngnix也可以，也要注意单点问题（keepalive）。\n3.lvs，能力强一些，并发百万基本，nigx弱一下，几万到几十万\n4.第一层也能用F5等方案，但是花钱。。\n5.keepalive，vip的概念，对外暴露的ip。"
    },
    {
      "type": "markdown",
      "data": "ngnix极速入门：http://xxgblog.com/2015/05/17/nginx-start/\nhttps://yeasy.gitbooks.io/docker_practice/content/introduction/what.html"
    },
    {
      "type": "markdown",
      "data": "spring mvc项目：\n[sagan](https://github.com/spring-io/sagan) spring的官方网站源码，代表了业界的较高水准？代码量大。。没有详细中文文档。\n一个[中国的项目](https://github.com/Raysmond/SpringBlog)个人博客，技术栈： Spring Boot，redis mydql jade，bootstrap，gradle（2015）\n\n\n[springside4项目](https://github.com/springside/springside4) TodoList应用 基于Spring Boot的一个项目，有介绍（中文），大量的star（2014年左右），技术栈：Spring Boot Hibernate，ActiveMQ maven包含测试  [参考](http://zhujunwang.cn/2013/12/07/springside4%E7%AC%94%E8%AE%B01-SpringSide4%E4%BB%8B%E7%BB%8D%E5%8F%8A%E7%8E%AF%E5%A2%83%E9%85%8D%E7%BD%AE/)\n[参考](https://github.com/ihanfeng/blog/blob/master/source/_posts/springside4%E7%AC%94%E8%AE%B01-SpringSide4%E4%BB%8B%E7%BB%8D%E5%8F%8A%E7%8E%AF%E5%A2%83%E9%85%8D%E7%BD%AE.md)\n\n[官方showcase](https://github.com/spring-projects/spring-mvc-showcase) Maven\n\n\n\n\n\n学习\nhttp://www.cnblogs.com/wenjingu/p/3820735.html\nhttp://www.jianshu.com/p/b130f9a4e3d5\n\n[Java后台框架系列](http://www.kancloud.cn/digest/javaframe/125573):redis+dubbo+spring+springmvc+mq+mybatis\n\n学习顺序：基本的搭建--》官方showcase--》Java后台框架系列--》springside4项目\n"
    }
  ]
}