{
  "title": "cache",
  "cells": [
    {
      "type": "markdown",
      "data": "数据库缓存：数据库的一些临时表，用空间换时间（index也能说是）。目的：提高数据库性能。\n应用缓存（server端后台分布式缓存）：见下面\n前端缓存（cdn等）：http://bbs.qcloud.com/thread-3775-1-1.html"
    },
    {
      "type": "markdown",
      "data": "目的：减少db流量，加快速度，提高qps\n\n分布式缓存：多个缓存实例（把缓存分布到不通机器中，比如安装user分布）\n方式：\n\n\n问题：\n* 某个实例挂了，它的所有请求都穿透到db--master/slave模式备份\n* 某个实例承受qps达到极限怎么办？-- 多级缓存\n\n\n\n\n"
    },
    {
      "type": "markdown",
      "data": ""
    },
    {
      "type": "text",
      "data": "<p>master/slave模式备份：<br>对单个实例设立master与slaver两个实例之间缓存数据复制，从master读写，没有去slave，再没有去db，然后同步到m/s中，某个挂了影响很小。<br>问题：</p>\n<ul>\n<li>一致性</li><li>需要2倍机器---互为Master-Slave复制</li></ul><div><img src=\"quiver-image-url/564E8492CA0DDCECB2EF3AA2679610F6.jpg\"><br></div>\n"
    },
    {
      "type": "markdown",
      "data": ""
    },
    {
      "type": "text",
      "data": "<div><div>基于线性扩展的缓存复制：</div><div>在master/slave模式上再加一层L1Cache。形成多级缓存L1Cache有多个实例，实现负载均衡。</div></div><div>问题：</div><div><ul><li>一致性<br></li></ul></div><div><br></div><img src=\"quiver-image-url/17491794C52782318229D14DF741D7D3.jpg\">"
    },
    {
      "type": "markdown",
      "data": "数据一致性之CAP\n三个特性再分布式存储系统中，最多只能实现上面的两点\n* Consistency（一致性）也称作原子性或事务性，表示所有操作在同一时间不可分割。如写入缓存和DB。 对于一致性，在很多场景下只要达到最终一致性就可以了\n* Avaliability（可用性）\n* Partition tolerance（分区容忍性） 当有一台或几台实例挂掉后致使整个系统不可用，也就是分区容忍性必须得到满足"
    },
    {
      "type": "markdown",
      "data": "缓存实践方案\nhttp://blog.csdn.net/liaoyulin0609/article/details/51762935"
    }
  ]
}