{
  "title": "jsp spring ",
  "cells": [
    {
      "type": "markdown",
      "data": "web-inf目录"
    },
    {
      "type": "markdown",
      "data": "路由设置：\nweb.xml\n[@WebServlet注解](http://book.51cto.com/art/201204/329134.htm)\n都有的话，前者优先\n\n web.xml加载顺序 http://flyingsnail.blog.51cto.com/5341669/1353728\n demo:http://flyingsnail.blog.51cto.com/5341669/1353894\n \n 理解xml头部：https://yq.aliyun.com/articles/40353\n\n模板：\njsp文件（view）\n\nservlet（controller）\n\n\n\n\n* 静态文件（html,js,css文件）处理\n  * web.xml 设置default，调用内置DefaultServlet\n* 代码返回html字符串\n   1. response设置contenttype--\"text/html;charset=UTF-8\"\n   2. response.getWriter().println输出html字符串\n* json返回\n  1. response设置contenttype--\"application/json;charset=UTF-8\"\n  2. response.getWriter().println输出JSON格式的字符串\n  \n* servlet调用jsp（模板返回）\n   1. response设置contenttype--\"text/html;charset=UTF-8\"\n   2. 设置模板变量，request.setAttribute(\"title\", \"Hello Servlet\");\n   3. 返回 request.getRequestDispatcher(\"/WEB-INF/jsp/hello.jsp\").forward(request,response);\n   \n   \n* request\n  * 获取baseurl  request.getRequestURI()\n  * 获取query参数和**post的form值**  request.getParameterMap() getParameter\n  \n  \n* 过滤器--对应node的中间件\n* \n\n"
    },
    {
      "type": "markdown",
      "data": "url-pattern详解\n* 路径映射：以`/`开头且以`/*`结尾---`/static/*`\n* 扩展映射：以`*.`开头--- `*.js`\n* defualt servlet映射：特指 `/`\n* 详细映射：详细路径---`/static/a.js`\n* 不能混合，如 `/static/*.js` 是**错误的！**\n* http://stackoverflow.com/questions/4140448/difference-between-and-in-servlet-mapping-url-pattern\n\nDefaultServlet：http://blog.csdn.net/zdhcumt/article/details/6867264\n\n\n转发与重定向\n* 转发 forward，服务器内部的跳转\n* 重定向，客户端发生调整。。302状态码返回\n\n"
    },
    {
      "type": "markdown",
      "data": "servlet\n[简介教程](http://www.cnblogs.com/EvanLiu/p/3345609.html)\n\n1. servlet接口 init service（主要的服务方法） destroy getServletConfig\n  * ServletConfig--接口，从**init()传入**的参数，可以**获得解析好的web.xml中关于这个servelet自身的<init-param>参数**\n    * **getServletContext()** 获取所有servlet共享的Context\n    * getInitParameter,getInitParameterNames\n    * getServletName\n  * ServletRequest\n  * ServletResponse\n  * ServletException\n2. 继承关系Servlet--GenericServlet--HttpServlet（doGet doPost..）\n  ![](http://hi.csdn.net/attachment/201008/26/0_1282804027HHcv.gif)\n * GenericServlet 装饰模式，对ServletConfig装饰了。\n3. 重要的对象\n  * ServletContext对象代表当前web工程的上下文，所有Servlet共享，ServletContext通过ServletConfig获得对象。\n    * getInitParameter(name) 获取web.xml中配置的 **`<context-param>`**属性值\n    * **全局共享数据** \n      * setAttribute \n      * getsAttribute\n      * getAttributeNames\n      * removeAttribute\n    * 资源\n      * getResource()路径是虚拟路径,web目录下的文件，即使\"/\"开头,代表web工程 部署好以后的配置文件的地址.ex:\"/WEB-INF/classes/jdbc.properties\"\n      *  getResourceAsStream() 获取文件，返回Inputstream。**最常用，一般用来读配置文件形成Properties**。 props = new Properties(); props.load(in);\n      * getRealPath 得到资源文件磁盘上的绝对路径，在web项目中**不能直接使用相对路径访问文件,如 new File**。必须使用绝对路径。\n    * servlet 转发\n      * getRequestDispatcher\n4. 地址的写法：地址给谁用的。如果是给服务器用的，以`/`代表当前web应用; 如果是给客户端（浏览器）用的`/`代表网站。\n  * `request.getRequestDispatcher(\"/my.jsp\").forward(request, response);` 转发，服务器内部使用\n  * `this.getServletContext().getRealPath(\"/my.jsp\");` 获取资源，服务器内部使用。\n  * `response.sendRedirect(\"/JavaWeb/my.jsp\");` 重定向，客户端使用。JavaWeb是contextPath，包含在网址里，必须加上。\n  * `<form action=\"/JavaWeb/my.jsp\">` html中，客户端使用\n\nservlet是多线程的调用service方法，因此线程安全？与node的巨大区别\n\n不使用框架只使用servlet也可以，参考[这篇IBM文章](http://www.ibm.com/developerworks/cn/education/java/j-intserv/j-intserv.html)，action模式（命令模式）的使用，可能一下框架也是这么设计的。\n建议我们只有**一个servlet**。翻译的挺糟糕。\n\n\nservlet 3.0特性 [异步响应](http://www.infoq.com/cn/news/2013/11/use-asynchronous-servlet-improve)：servlet中的service()方法会被在不同线程中调用多次，如果有费时操作，会hold主线程。\n\n思考nodejs的并发优势在哪里？ [参考1](https://segmentfault.com/q/1010000000190024)、[参考2](web.jobbole.com/87588/)\n\nnode中费时任务：https://www.zhihu.com/question/20156099\nhttp://www.infoq.com/cn/articles/nodejs-weakness-cpu-intensive-tasks\n\n\n[几个servlet]()\n多个servlet：不使用spring时，一个servlet可以看做一个路径的处理，如果使用spring，servlet可以看做express.router，只不过是多个线程。哪种实践好呢？\n\nservlet容器一般是单进程，servelt的service()方法是一个线程\n[参考文章](http://www.programcreek.com/2013/04/what-is-servlet-container/)\nUsing servlets allows the JVM to handle each request within a separate Java thread, and this is one of the key advantages of Servlet container. Each servlet is a Java class with special elements responding to HTTP requests. The main function of Servlet contain is to forward requests to correct servlet for processing, and return the dynamically generated results to the correct location after the JVM has processed them. In most cases servlet container runs in a single JVM, but there are solutions when container need multiple JVMs.\n"
    },
    {
      "type": "markdown",
      "data": "filter\n一个应用可以有一个或者多个filter\n在web.xml中配置\ndofilter函数：\n* 修改request\n* chain.doFilter(req,res);\n* 修改response\n\nhttp://www.itzhai.com/java-web-notes-servlet-filters-in-the-filter-writing-the-introduction-and-use-of-filters.html#read-more"
    },
    {
      "type": "markdown",
      "data": "listener\nservlet提供的一个事件通知回调机制\n* ServletContextListener springmvc中使用加载ApplicationContext\n* \n![](http://my.csdn.net/uploads/201205/02/1335945754_7431.png)"
    },
    {
      "type": "markdown",
      "data": "加载顺序\ncontext-param路径中定义bean -> listener -> filter -> servlet"
    },
    {
      "type": "markdown",
      "data": ""
    },
    {
      "type": "markdown",
      "data": "spring\n\n* ioc与di,理解ioc的思想：http://blog.xiaohansong.com/2015/10/21/IoC-and-DI/\n* aop\n\n* 理解bean 与 pojo 背后的思想\n* spring、于ejb 的历史\n* 理解spring容器：相当于一个director，组织对象直接的关系。\n\n[基本体验](http://www.liaoxuefeng.com/article/0013738774263173c42eae58864423698dd40556af23bb5000)\n\n使用：\n\n注入的方式：\n* [xml的spring配置](\nhttp://www.cnblogs.com/fingerboy/p/5271697.html)\n* [基于java配置进行管理（非浸入）](https://www.ibm.com/developerworks/cn/webservices/ws-springjava/)\n* 注解配置\n* [总结](http://www.ibm.com/developerworks/cn/opensource/os-cn-spring-iocannt/):很全，如何结合使用！！！\n\n配置的内容：\n* 哪些对象实体，调用的构造方法\n* 之间的关系 <property name=\"module\" ref=\"module\"/>\n* 实体构造回调与销毁回调 init-method=\"setup\" destroy-method=\"cleanup\"\n* 对象实体的类型（单例（默认），prototype，其他。。）\n\n学习：\n[IBM系列](http://www.ibm.com/developerworks/cn/java/web/spring.html):比较老2005\n[极客学院](http://wiki.jikexueyuan.com/project/spring/):新一点"
    },
    {
      "type": "markdown",
      "data": "spring原理源码：\nBeanFactory 一个beanfactory就是一个容器\nBeanWrapper\nApplicationContext"
    },
    {
      "type": "markdown",
      "data": "jstl && el\nhttp://blog.csdn.net/u010168160/article/details/49182867"
    },
    {
      "type": "markdown",
      "data": "ide使用技巧\n1. 新建工程，选择问题，有一种要自己配置编译目标\n2. local与remote理解\n2. 暂时没找到attach debug的方法，一般情况下debug模式运行，然后可以update classes and resources，方便开发。（直接run无法hot swap）\n\n了解idea工程编译配置文件的位置，和编译输出的位置\n"
    },
    {
      "type": "text",
      "data": "<img src=\"quiver-image-url/ED27198DF11158809AE82D703F0D33CE.jpg\"><div><br></div><div><img src=\"quiver-image-url/51B090BA447CA304E26A79C0783CD917.jpg\"><br></div>"
    }
  ]
}