{
  "title": "docker",
  "cells": [
    {
      "type": "markdown",
      "data": "功能：提供隔离的环境，轻量虚拟机，方便运维部署\n原理，\n* lxc（Linux Containers）技术\n  * namespace（环境隔离）\n  * cgroup（资源隔离）\n* aufs(或其他分层文件系统）\n\n* docker镜像：http://blog.csdn.net/jcjc918/article/details/46500031\n\n学习：\n系列文章，介绍原理\nhttp://coolshell.cn/articles/17010.html\n实践：\nhttps://www.gitbook.com/book/yeasy/docker_practice  \n应用：\n* 私有paas云\n* 开发测试环境\n* 部署web应用"
    },
    {
      "type": "markdown",
      "data": "http://www.ibm.com/developerworks/cn/devops/1601_kongyi_devopsdockerimages/index.html"
    },
    {
      "type": "markdown",
      "data": "实践\n启动\ndocker run -p 80:80 -d nginx --name xxxx\n\n打开终端\ndocker exec -i -t b0c5c63c4630 bash\n\ndocker中的多进程与init https://yq.aliyun.com/articles/5545\ndocker使用思想：一个容器一个进程，而不是一套服务。微服务架构\n多进程方案：http://www.cnblogs.com/junneyang/p/5278454.html\n\n数据持久化（数据库或者日志）：数据卷或者数据容器\n\n注意事项：https://segmentfault.com/a/1190000005117414\n\nnode应用部署（负载均衡）：http://dockone.io/article/291"
    },
    {
      "type": "markdown",
      "data": "1. 区分镜像与容器：容器是镜像的实例\n2. dockerfile用来创建镜像\n  * **构建镜像的信息**\n    *  基础镜像信息：第一行`FROM xxx` 基础镜像\n    *  维护者信息 `MAINTAINER: docker_user <docker_user at email.com>`\n    *  镜像操作指令`RUN  command`，每一个相当于commit一次\n  * **容器启动时执行指令**\n    * `CMD command`\n  * `docker build -t myrepo/myapp /tmp/test1/`\n  \n3. CMD与ENTRYPOINT https://segmentfault.com/q/1010000000417103"
    }
  ]
}