{
  "title": "网络知识",
  "cells": [
    {
      "type": "markdown",
      "data": "网桥：http://blog.chinaunix.net/uid-18824385-id-107165.html\n几种模式的表现：http://penpenguanguan.com/337.html\n交换机\n虚拟网卡，桥接，间杂模式，性能\nmac地址 arp"
    },
    {
      "type": "markdown",
      "data": "cgi，一种协议（规范），应用在**web服务器**与**应用服务器**之间。web服务器一般是使用C写的，比如nginx，apache。而应用程序则是由各种语言编写，比如php，java，python等。这两种语言要进行交互就需要有个协议进行规定，而cgi就是这么个网关协议。\n拿nginx+fastcgi+php为例子，nginx里面的fastcgi模块实现cgi的客户端，php的cgi-sapi实现cgi的服务端\n\n最开始的时候，可以直接从浏览器访问.cgi脚本，提供动态服务的url地址基本上对应一个脚本文件，访问这个url，服务器就执行一次这个脚本。然后，后来就又进行了抽象和分层，让服务器程序通过约定的协议（wsgi等）访问服务器上的应用程序实现的接口完成服务，这时候浏览器访问的url已经不对应服务器上真正的脚本程序了，而是由server端代为间接调用然后返回结果。\n\nhttp://www.biaodianfu.com/cgi-fastcgi-wsgi.html\nhttps://www.zybuluo.com/phper/note/50231\nhttps://www.zhihu.com/question/19998865\n\nfastcgi与node对比：http://taobaofed.org/blog/2015/11/24/nodejs-php-process-manager/\n\nnodejs是否需要nginx作为webserver？需要，但是仅仅是静态内容和负载均衡。\n\nweb服务器与应用服务器区别：\n严格意义上Web服务器只负责处理HTTP协议，只能发送静态页面的内容。而JSP，ASP，PHP等动态内容需要通过CGI、FastCGI、ISAPI等接口交给其他程序去处理。这个其他程序就是应用服务器。\n比如Web服务器包括Nginx，Apache，IIS等。而应用服务器包括WebLogic，JBoss等。应用服务器一般也支持HTTP协议，因此界限没这么清晰。但是应用服务器的HTTP协议部分仅仅是支持，一般不会做特别优化，所以很少有见Tomcat直接暴露给外面，而是和Nginx、Apache等配合，只让Tomcat处理JSP和Servlet部分\n\nservlet vs cgi ?\n\n|- Web Server\n        |- Http Server\n        |- Application Server\n            |- Servlet Container\n            |- CGI Server\n            |- ......\n"
    },
    {
      "type": "markdown",
      "data": "能否以非代理方式结合nginx和nodejs？比如请求发给nginx，然后类似cgi的方式，让node执行，nginx返回。而不是仅仅然后nginx做一个proxy，由nodejs的weboserver处理请求。可能么？\n\n如果你要用CGI的方式来使用Nodejs作为web后端的话,这个应该不是nodejs的本意.**nodejs已经内置强大的web服务器了**,用CGI等于就撇弃了这一大好的功能,你还得实现一个cgi或者fastcgi来使用nodejs,重复造轮子不说,性能也没有保证.\n使用nginx加一层代理或者负载均衡也没什么不好,nginx很强大,只会使你的架构更加强壮.\n实在不想用nginx代理,你也可以把前后端的请求分开,后端请求直接发送给nodejs自带的webserver,其他一些前端静态文件请求发送给nginx处理或者CDN."
    },
    {
      "type": "markdown",
      "data": "虚拟主机 http://1567045.blog.51cto.com/1557045/809972\nhttp://blog.csdn.net/leshami/article/details/51396811\n虚拟主机是使用特殊的软硬件技术，把一台真实的物理服务器主机分割成多个逻辑存储单元。每个逻辑单元都没有物理实体，但是每一个逻辑单元都能像真实的物理主机一样在网络上工作，具有单独的IP地址（或共享的IP地址）、独立的域名以及完整的Internet服务器（支持WWW、FTP、E-mail等）功能。\n\n虚拟主机的关键技术在于，即使在同一台硬件、同一个操作系统上，运行着为多个用户打开的不同的服务器程式，也互不干扰。而各个用户拥有自己的一部分系统资源（IP地址、文档存储空间、内存、CPU等）。各个虚拟主机之间完全独立，在外界看来，每一台虚拟主机和一台单独的主机的表现完全相同。所以这种被虚拟化的逻辑主机被形象地称为“虚拟主机”。\n\n* 基于ip--ip别名的概念\n* 基于域名--用的最多\n* 基于端口\n"
    },
    {
      "type": "markdown",
      "data": "http协议\nvary头\nhttps://imququ.com/post/vary-header-in-http.html"
    }
  ]
}