{
  "title": "spring项目分析",
  "cells": [
    {
      "type": "markdown",
      "data": "## showcase\n\n\n### pom.xml maven分析\n* Spring && Spring MVC -- spring-context spring-webmvc\n* AspectJ --aspectjrt\n* servlet\n  * tomcat-servlet-api  provided\n  * jsp-api  provided\n  * **jstl-api**\n  * jstl-impl\n* jackson\n* Spring Security csrf处理\n* slf4j（代替commons-logging）+ log4j\n* inject包：[作用](http://meigesir.iteye.com/blog/1869986 )--jsr330标志，依赖注入注解的一个标准方式，dragger2也是使用的这个标准。[具体了解](https://www.mkyong.com/spring3/spring-3-and-jsr-330-inject-and-named-example/),似乎没有spring注解功能全名。\n* rome RSS库\n* joda-time  http://dyygusi.iteye.com/blog/2105208\n* commons-fileupload 文件上传\n* JSR 303 with Hibernate Validator\n  * validation-api\n  * hibernate-validator\n* TEST\n  * spring-test spring测试框架\n  * junit\n  * xmlunit\n  * json-path：json解析？\n  * hamcrest-library：断言库\n  \n  \n* plugin\n  * maven-compiler-plugin\n  * maven-surefire-plugin\n  * maven-dependency-plugin\n  * spectj-maven-plugin\n  * tomcat7-maven-plugin\n  * jetty-maven-plugin\n\n\n### web.xml\n* context-param && org.springframework.web.context.ContextLoaderListener：加载位于/WEB-INF/spring/root-context.xml的文件。\n\n* filter\n  * `org.springframework.web.filter.DelegatingFilterProxy`（路径`/*`）:作用是接管所有的filter的生命周期到spring中。可以在filter中使用spring提供的功能，如注解注入实例。可以在root-context.xml中定义filter的bean，会自动加入到filter中。\n  >  在Spring中配置的bean的name要和web.xml中的<filter-name>一样，或者在DelegatingFilterProxy的filter配置中配置初始参数：targetBeanName，对应到Spring配置中的beanname。如果要保留Filter原有的init，destroy方法的调用，还需要配置初始化参数targetFilterLifecycle为true，该参数默认为false。\n\n* servlet\n  * DispatcherServlet（路径`/`）\n    * 加载contextConfigLocation，`/WEB-INF/spring/appServlet/servlet-context.xml`\n    * <load-on-startup>1</load-on-startup>\n    * <async-supported>true</async-supported>\n  \n* welcome-file-list tomcat可以是空\n* `<async-supported>true</async-supported>`：servlet的新功能，异步响应支持，需要AsyncContext（ServletRequest的startAsync()获取）。这个标签可以加在**servlet，filter**上。这个项目使用了这个功能。\n> 一个spring异步编程的例子：http://shengwangi.blogspot.jp/2015/09/asynchronous-spring-mvc-hello-world.html\n\n### root-context.xml\n* filter\n  * CsrfFilter：`org.springframework.security.web.csrf.CsrfFilter`类\n* 构建CsrfRequestDataValueProcessor实例，是spring的form标签生成csrf的hidden input的代码。参考[这篇](http://www.oschina.net/code/snippet_1029551_27153)\n\n### servlet-context.xml\n配置比较奇葩，默认的命名控件是mvc（xmlns表示默认的Namespace）。\n\n理解：http://stackoverflow.com/questions/9349802/difference-between-beansbeans-and-beans\n* mvc:annotation-driven的配置\n  * conversion-service 配置类型转换服务\n  * enable-matrix-variables 支持url中矩阵变量，如`\"/cars;color=red;year=2012\"`,`\"color=red,green,blue\"`\n  * argument-resolvers 添加了一个自定义的参数解析器，通过添加注解可以调用自定义的解析器，注意会优先调用系统的解析器。[参考](http://www.cnblogs.com/daxin/p/3296493.html)\n  * async-support 异步支持，设置了超时时间，和超时的处理函数\n* mvc:resources，设置静态资源处理，吧web根目录/resources/下的所有文件，映射到urlxxxx/resources/**\n* ViewResolver设置，处理/WEB-INF/views/目录下面的jsp，以后直接调用到该目录下的view\n* conversionService建立FormattingConversionServiceFactoryBean，自定义了一个formatter，**MaskFormatAnnotationFormatterFactory**\n* 加入multipartResolver：默认dispatchServlet没有设置，因为需要**上传文件功能**，加上CommonsMultipartResolver\n* 导入controllers.xml配置文件，参见下面\n* <task:annotation-driven />：引入@Scheduled注解，定时任务。参考DeferredResultController\n\n### controllers.xml\n控制器相关的配置\n* <mvc:view-controller path=\"/\" view-name=\"home\"/> 把根目录`/`映射到`home.jsp`文件里，最简单的controller\n* <context:component-scan base-package=\"org.springframework.samples.mvc\" />：其他有注解的controller实例化。"
    },
    {
      "type": "markdown",
      "data": ""
    },
    {
      "type": "markdown",
      "data": "json请求处理\n[jaxb注解](http://baike.baidu.com/link?url=jhDiY3W_QOaDIfv8wXbRwpz-PX99_vHD_kx1_oJn2LxrbDNn7-FprXLHAYeeae7LiJXbIdfTWdv0tzhyeTcGqa) jackson\n\n自定义HandlerMethodArgumentResolver与注解--CustomArgumentResolver\n自定义formatter与注解--MaskFormat\nrome 类型转换默认注册\njoda 默认注册\n\n异常处理\n@ExceptionHandler\n@ControllerAdvice使用\nhttp://jinnianshilongnian.iteye.com/blog/1866350\n\n@Inject使用---RedirectController\n\nredirect的两种方式\n\n"
    },
    {
      "type": "markdown",
      "data": "异步编程：\nCallable\nWebAsyncTask\nDeferredResult && @Scheduled"
    },
    {
      "type": "markdown",
      "data": "## SpringBoot入门\n\n* 文档：https://www.gitbook.com/book/qbgbook/spring-boot-reference-guide-zh/details\n* 参考[这一章](https://qbgbook.gitbooks.io/spring-boot-reference-guide-zh/content/IV.%20Spring%20Boot%20features/26.%20Developing%20web%20applications.html):\n\n* SpringBoot 讲解与最佳实践http://www.jianshu.com/p/cb0f96958919\n\n### 特点\n* 完全使用注解实现配置，没有xml\n* 使用maven，提供依赖模板，Starter POMs\n* 依据classpath中的jar包，对Spring进行自动化配置（如默认创建一些对象，有可能出现配置错误！！）\n* 提供了生产环境下的一些特性：如指标统计、健康检查。\n* 可以用来开发web应用（注意尽量避免JSP）或rest服务\n\n\n### 使用步骤\n\n* 生成项目：http://start.spring.io/ 依赖选择web \n* 查看pom.xml \n  * 设置parent spring-boot-starter-parent子类中添加依赖而不需要version\n  * 添加合适的Starter POMs（spring-boot-starter-*）\n    * web项目依赖 spring-boot-starter-web\n    * 其他依赖，如spring-boot-starter-data-jpa\n  * 插件：spring-boot-maven-plugin：Spring Boot提供的打包插件,会自动生成运行的类,  同时将项目依赖的JAR一起和JAR包绑定在一切输出。\n* 目录结构\n\n``` \n+- root/src/main\n    +- java\n        +- com\n            +- example\n               +- myproject\n                   +- XXApplication.java\n                   |\n                   +- domain\n                   |   +- Customer.java\n                   |   +- CustomerRepository.java\n                   |\n                   +- service\n                   |   +- CustomerService.java\n                   |\n                   +- web\n                       +- CustomerController.java\n    +- resources\n        +- static\n        +- templates\n        +- application.properties\n```\n\n\n* 查看XXApplication：放在default package下\n  * @SpringBootApplication注解，代表3个注解\n    * @ComponentScan(Spring原生)：自动扫描Application包下的所有注解，并注册bean...\n      *  @RestController @Services @Repository\n      *  **@Configuration引入其他配置文件注册的beans**\n    * @SpringBootConfiguration == @Configuration(Spring原生)\n    * @EnableAutoConfiguration：**自动配置,SpringBoot的核心功能之一**\n      * 特性：依据classpath中的jar自动注册一些bean，如datasource\n      * 可以自行配置一下bean，那么就不会使用自动注册bean了，如使用阿里的数据源开源库，druid，代替默认的datasource，添加一些监控功能。\n  * main函数：入口函数，**在使用可执行jar方式运行时会调用它，加载配置，但是在外部容器加载是不会调用**。`SpringApplication.run(XXApplication.class,args)`,注册配置。\n  * 自定义配置一些beans（可选）：使用@Beans注解\n  * XXApplication继承SpringBootServletInitializer（可选）：支持外部容器加载war打包（原理：使用了Spring的无web.xml配置）\n* 在src/main/java/package/web/下写一个Controller，以Restful应用为例\n  * 类名上添加@RestController，返回值会默认@ResponseBody会自动注册\n  * 在方法上添加@RequestMapping(\"/\")设置路由\n  * done\n* 在application.properties中添加配置（可选），如日志等级设置`logging.level.org.hibernate.SQL=debug`\n* 运行\n  * idea中的SpringBoot项目，可以直接run\n  * 可执行jar（默认，fatJar）：使用内置的tomcat servlet容器\n  * [外部容器，war方式](https://qbgbook.gitbooks.io/spring-boot-reference-guide-zh/content/IX.%20%E2%80%98How-to%E2%80%99%20guides/74.1.%20Create%20a%20deployable%20war%20file.html)：需要修改application入口，使用外部的容器，（tomcat只支持war的打包方式，不支持可执行的jar。）\n  \n* 注意事项\n  * [jsp要特别处理](http://www.cnblogs.com/gods/p/4421116.html)：其他模板可以直接使用，[参考demo](https://github.com/spring-projects/spring-boot/tree/master/spring-boot-samples/spring-boot-sample-web-jsp)\n\n* 进一步学习\n  * [官方example](https://github.com/spring-projects/spring-boot/tree/master/spring-boot-samples)\n\n"
    },
    {
      "type": "markdown",
      "data": "## springside4项目\n\n项目有点旧，文档有点乱，直接运行有部分错误，修改比较简单。master是基于SpringBoot的开发框架，没有具体例子。4.0分支是部分基于SpringBoot（以boot-xxx开头的模块），是具体的demo。其他比较完整的例子如quickstart是普通的javaWeb SpringWeb架构。注意两个分支，**主要分析4.0分支**：\n* master\n* 4.0\n  * quickstart 一个完整的例子，curd的todo web应用程序（SpringWeb框架）\n  * showcase 一些技术相关的demo演示，不是完整的应用，仅仅是演示\n  * boot-service 基于SpringBoot的例子，为curd的web应用**提供api接口**\n  * boot-more 一些技术演示\n\n使用注意事项：\n* 如果安装了mvn工具，直接运行`quick-start.sh`。否则，按照脚本在idea中一步步操作\n* idea直接导入即可，处理好一些错误。web项目（如quickstart）的maven中的plugin即使是为eclipse开发的，在idea中也可用。[以内嵌jetty方式运行的插件使用](http://blog.csdn.net/lovelynicky/article/details/51491087)\n* 使用springboot开发的例子比较简单，不需要上面的插件。springboot提供了插件有这些功能。\n* 项目自带maven-archtype，是个模板工程，使用方法[参考](https://github.com/springside/springside4/wiki/CreateNewProject)。根目录下有个脚本(`generate-project.sh`)可以生成该工程。\n\n### 项目结构\n\n``` \n+- root\n    +- example\n        +- boot-service\n        +- boot-more\n        +- showcase\n        +- quickstart\n            +- bin\n            +- src\n                +- main\n                   +- java\n                        +- package\n                            +- entity\n                            +- repository\n                            +- rest\n                            +- service\n                            +- web\n                   +- resources\n                   |   +- applicationContext.xml\n                   |   +- application.properties\n                   |   +- applicationContext-shiro.xml\n                   |   +- logback.xml\n                       +- sql 存放sql脚本\n                       +- ehcache\n                   +- webapp\n                      +- static\n                      +- WEB-INF\n                          +- views\n                          +- layouts\n                          +- tags\n                      |   +- spring-mvc.xml\n                      |   +- web.xml\n                      |   +- decorators.xml\n                +- test\n                    +- java\n                    +- resources\n                    +- functional\n            +- pom.xml\n          +- pom.xml\n    +- modules\n        +- core\n            +- src\n                +- main\n                    +- java\n                    +- resources\n                +- test\n            +- install.sh\n            +- pom.xml\n        +- extension\n        +- metrics\n        +- parent\n        +- redis\n        +- utils\n        +- pom.xml\n    +- support\n        +- eclipse\n        +- node.js\n        +- jmeter\n        +- h2\n        +- logstash\n        +- maven-archetype\n        +- sonar\n    +- pom.xml\n    +- quick-start.sh 启动quickstart这个example的脚本\n    +- generate-project.sh 生成模板代码工程的脚本\n    \n```\n\n### pom.xml文件\n\n#### 根pom.xml\n* modelVersion\n* groupId artifactId version name\n* <packaging>pom</packaging>:表示这是一个**聚合项目**\n* <developers><developer>...</developer></developers> 定义开发者\n* <licenses><license>...</license></licenses> 定义协议\n* **定义了两个子模块**，注意查看这两个目录下面也有pom.xml\n ```\n   <modules>\n\t\t<module>modules</module>\n\t\t<module>examples</module>\n  \t</modules>\n  ```\n* <issueManagement>...</issueManagement> bug管理\n* <scm>...</scm> 软件配置管理\n\n#### modules:pom.xml\n* <parent>...</parent> **继承了一个pom**.xml,在../modules/parent/目录下面的pom.xml\n* 没有声明groupId和version, 这两个属性继承至**父模块（是parent的pom，不是根pom）**\n* artifactId，必须指定，否则坐标冲突\n* name\n* <packaging>pom</packaging>\n* 在<modules>...</modules>中**定义了6个子模块**。其中parent模块只负责提供pom。\n\n#### example:pom.xml\n* <parent>...</parent> 同上\n* 自定义覆盖了父类的groupId artifactId，version不变\n* name\n* <packaging>pom</packaging>\n* 在<modules>...</modules>中**定义了4个子模块**。\n\n#### parent模块 pom.xml\n* <parent> ... </parent>  配置了sonatype，用来发布上传jar包的，可以忽略\n* groupId artifactId version name  有的（version）公用，有的被子类覆写。\n* <packaging>pom</packaging> 一般都被覆盖了，不用管\n* <properties> ... </properties>定义了一堆属性常量，**各个依赖库的版本号统一管理**，注意主要是这个文件自己用，子pom也能用。\n* <prerequisites><maven>3.0.0</maven></prerequisites> 指定maven的版本\n* <repositories> ... </repositories> 添加私服\n* <pluginRepositories> ... </pluginRepositories> 同上，插件用的私服\n* <dependencyManagement> ... </dependencyManagement> **重点：依赖管理，预定义了所有可能用到的依赖，子pom只要重这里面选择就好了**\n* <build><pluginManagement> ... </pluginManagement></build> 重点：类似上面，是**管理插件**的。\n* <profiles> ... </profiles> 配置不同环境的打包配置，子pom会覆盖\n\n> 当一个profile被激活时，它定义的<dependencies>，<properties>等就会覆盖掉原pom里定义的相同内容，从而可以通过激活不同的profile来使用不同的配置。可以使用mvn -Pxxx指定运行的profile，https://segmentfault.com/a/1190000003908040\n\n\n#### quickstart/showcase\n比较奇怪的是quickstart中自己定义了一套没有用parent。。定义的内容似乎是一样的\nshowcase则是用parent。注意：boot-xxx的项目用的是springBoot的自己的parent。\n\n* <parent> ... </parent> \n* **<packaging>war</packaging>**\n* <dependencies>  ... </dependencies>下定义了各种依赖\n* dependencyManagement引入了 spring-framework-bom 统一管理spring各个组件版本一致，但是好像如果用了parent就没什么必要了\n* <build><plugins> ... </plugins></build> 下定义了各种插件\n*  <profiles> ... </profiles> 配置了一下配置\n\n#### module/xxx pom.xml\n\n* <parent> ... </parent> \n* **<packaging>jar</packaging>**\n* <dependencies>  ... </dependencies>下定义了各种依赖\n* dependencyManagement 同上\n* <build><plugins> ... </plugins></build> 下定义了各种插件\n\n#### 依赖与插件分析\n\n\n#### 打包配置机制\n\n\n\n嵌入式容器？http://www.beyondjava.net/blog/application-servers-sort-of-dead/\n\nhttp://www.cnblogs.com/gao241/p/3501578.html\n\n\n\n\n\n"
    },
    {
      "type": "markdown",
      "data": "理解spring cloud与dubbo\n1. 好文：**后端微服务架构**：http://www.infoq.com/cn/articles/basis-frameworkto-implement-micro-service\n2. 对比：http://blog.didispace.com/microservice-framework/\n\nspring cloud系列 http://blog.didispace.com/categories/Spring-Cloud/\n\nSpringBoot系列资料\nhttp://git.oschina.net/didispace/SpringBoot-Learning\n\ndubbo实践：\nhttp://www.kancloud.cn/digest/javaframe/125573\nhttp://blog.csdn.net/aixiaoyang168/article/details/51362675\n\n\n\n分布式与集群：http://blog.csdn.net/u013142781/article/details/51307229"
    }
  ]
}