{
  "title": "spring",
  "cells": [
    {
      "type": "markdown",
      "data": "基于 POJO 编程模型来促进良好的编程实践\n\n\n![](http://www.ibm.com/developerworks/cn/java/wa-spring1/spring_framework.gif)\n"
    },
    {
      "type": "markdown",
      "data": "bean 生命周期：\n\n非web应用\ncontext.registerShutdownHook();\n\nprototype不会调用destroy，只会调用init由java垃圾回收机制负责\n\n> Spring does not manage the complete lifecycle of a prototype bean: the container instantiates, configures, decorates and otherwise assembles a prototype object, hands it to the client and then has no further knowledge of that prototype instance.For releasing resources try to implement a custom bean post processor.\n\n\nbean后置处理器\nBeanPostProcessor，在init方法前后添加自定义逻辑\n* 使用applicationContext，直接使用\n* 使用beafactory需要注册\n\nbean的继承--parent属性\n继承bean模板，不需要class，加速abstract==true\n``` xml\n  <bean id=\"helloWorldAbstract\" abstract=\"true\" >\n        <property name=\"msgFirst\" value=\"Hello World!\" />\n    </bean>\n```\n\n依赖注入的两种方式\n* 构造函数\n* setter方法注入\n* 混用\n\n构造函数的方式：\n* 直接传递值  用value\n* 引用类型用ref\n* 可以加index，或者type\n* 一个`<constructor-arg/>`表示构造函数的一个参数，如果构造函数有多个参数则是多个。\n```xml\n<constructor-arg index=\"0\" type=\"int\" value=\"2001\"/>\n<constructor-arg ref=\"helloNoWorld\"/>\n```\n\nsetter方法注入\n* ref与value\n* p命名空间使用 `xmlns:p=\"http://www.springframework.org/schema/p\"`在`<bean id=\"xx\" class=\"xxxx\" p:name=\"123\"></bean>`如果是引用`p:name-ref=\"refid\"`\n\n内部bean，定义在`<property></property>`或者`<constructor-arg></constructor-arg>`内部的bean，只用于这个标签其他地方无法使用，不用id\n\n注入null\n``` xml\n<property name=\"email\"><null/></property>\n```\n\n注入集合`<list/> <map/> <set/> <props/>`\n```xml\n        <property name=\"list\">\n        <list>\n            <value>123</value>\n            <ref bean=\"helloWorld\"/>\n        </list>\n        </property>\n        \n        <property name=\"addressMap\">\n         <map>\n            <entry key=\"1\" value=\"INDIA\"/>\n            <entry key=\"2\" value=\"Pakistan\"/>\n            <entry key=\"3\" value=\"USA\"/>\n            <entry key=\"4\" value=\"USA\"/>\n         </map>\n        </property>\n      \n        <props>\n            <prop key=\"one\">INDIA</prop>\n            <prop key=\"two\">Pakistan</prop>\n            <prop key=\"three\">USA</prop>\n            <prop key=\"four\">USA</prop>\n        </props>\n```\n\n自动装配---autowiring最好不用\n\n如何导入其他xml配置文件"
    },
    {
      "type": "markdown",
      "data": "基于注解的配置：还是在xml中生成bean，但是可以在java中引用，与xml配合使用。\n* xml会覆盖注解\n* 默认没有开启\n``` xml\nxmlns:context=\"http://www.springframework.org/schema/context\"\n<context:annotation-config/>\n```\n\n\n* `@Require` 加在setter上，作用是在xml中必须配置，否则抛出异常\n* `@Autowired`  byType自动连接\n  * setter方法\n  * 属性(不需要setter方法也行）\n  * 构造函数，自动传入构造函数\n  * `@Autowired(required=false) `@Autowired 注释意味着依赖是必须的，它类似于 @Required 注释，然而，你可以使用 @Autowired 的 （required=false） 选项关闭默认行为。\n* `@Qualifier(\"student1\")`:配合@Autowired使用，当有多个bean匹配bytype的自动连接时，通过它来过滤，id是student1的bean来装配。\n* 其他\n  * @PostConstruct 加在方法上，表示init-method ,可以并存\n  * @PreDestroy 加在方法上，表示destroy-method ,可以并存\n  * @Resource 自动装配属性、方法，不加name似乎是按type的，加`@Resource(name='xxx');`会查找name\n"
    },
    {
      "type": "markdown",
      "data": "基于java的配置\n可以完全代替xml配置文件。\n* @Configuration 表示一个类是配置用的，在class上\n* @Bean  加在无参数的方法前，表示该方法生成bean\n* 依赖:直接调用其他方法\n* AnnotationConfigApplicationContext 加载Configuration类\n\n``` java\n@Configuration\n@Import(ConfigA.class)\npublic class TextEditorConfig {\n   @Bean \n   public TextEditor textEditor(){\n      return new TextEditor( spellChecker() );\n   }\n   // init的例子\n   @Bean(initMethod = \"init\", destroyMethod = \"cleanup\" )\n   public SpellChecker spellChecker(){\n      return new SpellChecker( );\n   }\n}\n```\n\n* 导入@Import(ConfigA.class)，加载class上，和Configuration以前\n"
    },
    {
      "type": "markdown",
      "data": "aop\n几个概念\naspect：一个面，如日志模块logging\npointcut：所有的接入点（如，方法），定位到某些类的某个方法。\nadvice：在方法前还是后执行，具体的执行位置。\n  * 前置\n  * 后置\n  * 返回后通知\n  * 异常通知\n  * 环绕通知（前&后）\n\n其他概念\njoint point：一个点，pointcut由n个joint point构成。\n\nxml配置\n``` xml\n<!--xsi:schemaLocation中加入-->\nhttp://www.springframework.org/schema/aop\nhttp://www.springframework.org/schema/aop/spring-aop.xsd\n\n <!--头部中加入-->\nxmlns:aop=\"http://www.springframework.org/schema/aop\"\n```\n\nmaven中加入\n```xml\n        <dependency>\n            <groupId>org.springframework</groupId>\n            <artifactId>spring-aspects</artifactId>\n            <version>4.3.2.RELEASE</version>\n        </dependency>\n```\n\nxml 的例子：\n``` xml\n    <aop:config>\n        <aop:aspect id=\"log\" ref=\"logging\">\n            <aop:pointcut id=\"selectAll\"\n                          expression=\"execution(* com.test.*.*(..))\"/>\n            <aop:before pointcut-ref=\"selectAll\" method=\"beforeAdvice\"/>\n            <aop:after pointcut-ref=\"selectAll\" method=\"afterAdvice\"/>\n            <aop:after-returning pointcut-ref=\"selectAll\"\n                                 returning=\"retVal\"\n                                 method=\"afterReturningAdvice\"/>\n            <aop:after-throwing pointcut-ref=\"selectAll\"\n                                throwing=\"ex\"\n                                method=\"AfterThrowingAdvice\"/>\n        </aop:aspect>\n    </aop:config>\n    <bean id=\"logging\" class=\"com.test.Logging\"> </bean>\n```\n逻辑：一个aspect包含多个pointcut（logging功能可以在多个方法点执行），一个pointcut锁定一批类的方法，可以在方法的多个advice执行。\n\n\n基于注解的aop\n在xml中添加：`<aop:aspectj-autoproxy/>`\n* @Aspect Aspects 类\n* 在xml中实例化这个bean\n* `@Pointcut(\"execution(* com.tutorialspoint.Student.getName(..))\") `\n* @{ADVICE-NAME} \n  * @Before(\"businessService()\")\n  * @AfterReturning(pointcut = \"businessService()\", returning=\"retVal\")\n  * @AfterThrowing(pointcut = \"businessService()\", throwing=\"ex\")\n  * @Before(\"execution(* com.xyz.myapp.service.*.*(..))\")\n\n"
    },
    {
      "type": "markdown",
      "data": "## jdbc\nmaven添加\n``` xml\n<dependency>\n  <groupId>org.springframework</groupId>\n  <artifactId>spring-jdbc</artifactId>\n  \n<version>4.3.2.RELEASE</version>\n</dependency>\n        \n<dependency>\n  <groupId>mysql</groupId>\n  <artifactId>mysql-connector-java</artifactId>\n  <version>6.0.4</version>\n</dependency>\n```\n\n* 在beans.xml中添加一个datasource，连接数据库。\n* 构建dao（建议使用接口） && 在 beans.xml注入datasource\n* 使用datasource来构建JdbcTemplate，**JdbcTemplate类是spring的核心，与datasource打交道，管理数据库，封装处理了异常，把他们统一成spring的通用定义。**\n  * jdbcTemplateObject.queryForInt( SQL );\n  * jdbcTemplateObject.queryForLong( SQL );\n  * jdbcTemplateObject.queryForInt(SQL, new Object[]{10});\n  * jdbcTemplateObject.queryForObject(SQL, new Object[]{10}, String.class);\n  * jdbcTemplateObject.queryForObject(SQL, new Object[]{10}, new StudentMapper());\n  * jdbcTemplateObject.query(SQL,new StudentMapper());\n  * jdbcTemplateObject.update( SQL, new Object[]{\"Zara\", 11} );增删改\n  * jdbcTemplateObject.execute( SQL ); ddl，如建立表等。\n  * RowMapper 接口，数据映射成对象。\n  \n其他template：SimpleJdbcTemplate NamedParameterJdbcTemplate\n\n## Spring中使用存储过程\n\nSimpleJdbcCall 类可以被用于**调用**一个包含 IN 和 OUT 参数的存储过程（底层封装了数据库）\n\n存储过程存储在sql server中，由其他服务调用。\n互联网项目建议少用，这些逻辑应该写作逻辑层。\n\n## 事务\n"
    },
    {
      "type": "markdown",
      "data": "其他：\nlog4j:建立log4j.properties，放到resources目录下\n结合common-logging:自动配置log4j  \n```java\nstatic Log log = LogFactory.getLog(SpringTest.class);\n```\nhttp://blog.csdn.net/evankaka/article/details/45815047"
    },
    {
      "type": "markdown",
      "data": "基础知识：\nPropertyEditor PropertyEditorRegistry\nhttp://openhome.cc/Gossip/SpringGossip/PropertyEditor.html\n\nhttp://www.cnblogs.com/fangjian0423/p/springMVC-databind-typeconvert.html\n\nspring jpa https://www.ibm.com/developerworks/cn/opensource/os-cn-spring-jpa/"
    }
  ]
}