{
  "title": "backend",
  "cells": [
    {
      "type": "markdown",
      "data": "Amazon RDS  在线的关系数据库\nmongodb nosql数据库\n\nLucene 搜索引擎，全文检索，作为数据查询使用（优化数据库模糊 查找操作，可以优化关键词查找速率like \"%keyword%\"）"
    },
    {
      "type": "markdown",
      "data": "前端对后端调用的类型\n用户无关的公共数据（未登录状态，有限个状态）：top10的帖子，热门xx，排行榜\n\n用户相关数据（需要登录，需要参数）：用户发布的主题，好友，用户设置\n\n"
    },
    {
      "type": "markdown",
      "data": "rest vs soap 面向资源vs面向服务 https://www.ibm.com/developerworks/cn/webservices/0907_rest_soap/\n\nhttp://stackoverflow.com/questions/9732381/why-thrift-why-not-http-rpcjsongzip"
    },
    {
      "type": "markdown",
      "data": "消息中间件\n"
    },
    {
      "type": "markdown",
      "data": "\n\n1.web框架\nrose(Qieqie/paoding-rose · GitHub)，基于spring mvc，采用\"约定优先于配置\"的思想，编写起来还是挺快的。\n\n2.数据库\njade(Qieqie/paoding-rose · GitHub)，实现了数据库读写分离，分库分表等，一句简单的sql就可以实现对数据库的需求\n@SQL(\"SELECT id,name,price FROM book WHERE id = :id\")\npublic Book select(@SQLParam(\"id\") long id);\n采用了BeanPropertyRowMapper实现了部分orm，但是写多了还是挺麻烦的o(╯□╰)o\n\n3.rpc架构\n第一代rpc框架网络层采用netty，序列化层是json，基于http自定义协议，服务器容器则是自己定制化的tomcat。主要遇到的问题就是java和c++之间的调用。\n第二代框架就是完全基于thrift，thrift解决了上面的语言兼容性，还有一个好处就是提供了一站式解决方案，神马序列化啊，神马server啊(ps:我们采用的是THsHaServer)，都不用你操心。\n\n4.数据平台和处理\n没在这个组呆过，只是了解一些。基本和各大公司的大数据处理一样，离线计算hive/pig，流式计算storm/Presto，内存计算spark，以此来满足各个业务对数据的不同需求。\n\n5.消息中间件\n我们组当时使用kafka，主要用于log统计和一些不太重要的异步处理。kafka的优点就是吞吐量很高，但是不能保证消息可靠性消费，比如消息消费失败直接丢弃或者不保证消息唯一性消费，这些可以在消费端自己做一些定制化处理。"
    },
    {
      "type": "markdown",
      "data": "javabean ejb  pojo\n[历史与含义1](http://mp.weixin.qq.com/s?__biz=MzAxOTc0NzExNg==&mid=2665513115&idx=1&sn=da30cf3d3f163d478748fcdf721b6414#rd)\n[历史与含义2](http://mp.weixin.qq.com/s?__biz=MzAxOTc0NzExNg==&mid=2665513118&idx=1&sn=487fefb8fa7efd59de6f37043eb21799#rd)：知道spring为啥会有一堆xml了，就是为了非侵入。"
    },
    {
      "type": "markdown",
      "data": "大家熟知的libevent/libev基本上就是把不同系统的类似机制封装好，为上层提供一个统一的接口，方便开发和移植。这个还有个装逼的说法叫做reactor模式。"
    }
  ]
}