{
  "title": "一些主题",
  "cells": [
    {
      "type": "markdown",
      "data": "应用性能监控APM"
    },
    {
      "type": "markdown",
      "data": "思考mvc模式与网页开发（模板等）"
    },
    {
      "type": "markdown",
      "data": "选择合适的日志框架\nhttp://huaoguo.com/work/2014/08/06/nodejs%E6%97%A5%E5%BF%97%E6%A1%86%E6%9E%B6bunyan%E5%92%8Clog4js%E6%AF%94%E8%BE%83.html"
    },
    {
      "type": "markdown",
      "data": "登录：\noauth2.0\n* 理解什么是：\n  * http://www.tianmaying.com/tutorial/oAuth-login\n  * http://www.ruanyifeng.com/blog/2014/05/oauth_2_0.html\n* 理解token\n* 区别token和sessionid，token包含信息（可查看，不可修改，思考应该包括什么，不应该包括什么，回放攻击），session就是会话id，信息在内存中，因此占内存。使用范围也不同，**一个无状态（只负责授权）一个有状态（授权和关联会话信息）。**\n  * http://security.stackexchange.com/questions/81756/session-authentication-vs-token-authentication\n* 理解oauth中的token\n  * https://www.zhihu.com/question/20274730\n* 扩展：这是一个有意思的问题，是web与app跨界的地方，以前web（browser）是server为主的构架（可能是因为js不好用，browser只负责展示），所以用sessionId这种东西。现在App或者h5（RESTful），用更多主动权与业务逻辑，所有token这种客户端为主的技术广泛应用。xxx为主是谁维护状态，谁写业务逻辑。\n* 防止xxx泄露：指的是防止传输过程泄露，客户端泄露无能为力。\n  * 防止token泄露，参考oauth2.0的第二次请求（https传输）\n  * 防止sessionId泄露，使用https\n* cookie与session对比的优势：https://github.com/alsotang/node-lessons/blob/master/lesson16/README.md\n  * 传输大小\n  * 回放攻击\n  * 安全性。。优势不大（session可以不需要传输的信息不传输，这方面有些优势），必要信息的安全性没什么区别。如果使用signedCookie都是可查看，不可修改。\n* token与sessionID安全性对比：\n  * token生成上面可以有些特技，是token只能用于某一设备\n  * token与sessionId防篡改的原理不同\n\nå自己写：\n\nnodejs模块：passport\nhttp://www.moye.me/2014/10/01/oauth-2-0%E5%92%8Cpassport/"
    },
    {
      "type": "markdown",
      "data": "安全：\ncsrf攻击：\nhttp://pic002.cnblogs.com/img/hyddd/200904/2009040916453171.jpg\n服务器在生成表单的时候同时生成一个CSRF token，插入到表单的一个hidden field里面，并且把这个token记录在服务器端，通常是用户的Session数据里面。客户端啥都不用干，照常提交表单。当表单被提交的时候，服务端检查一个表单里面的token跟自己之前记录下来的是否匹配，匹配才继续处理。\n\nsession劫持：嗅探sessionId或者本机xss，中间人攻击\nhttps"
    }
  ]
}